name,category,subcategory,editorial_group,locality,address,no_storefront,license,service_area,website,phone,verified_at
Adriane White Photography,Arts & Culture,Photographer,Arts and culture,Santa Cruz,,yes,,"Santa Cruz County, including the San Lorenzo Valley",https://www.adrianewhitephotography.com/,,2026-07-16
De Joy Photography,Arts & Culture,Photographer,Arts and culture,Santa Cruz,,yes,,Santa Cruz County and destination weddings,https://dejoyphotography.com/,717-512-6065,2026-07-17
Hennig Studios,Arts & Culture,Ceramics studio and gallery,Arts and culture,Boulder Creek,211 Grove Street,no,,Boulder Creek,https://www.hennigstudios.com/,831-338-2098,2026-07-15
Kassandra Thomsen Photography,Arts & Culture,Photographer,Arts and culture,Santa Cruz,,yes,,"Santa Cruz County, including the San Lorenzo Valley",https://www.kassandrathomsen.com/,,2026-07-16
Kelly Griffiths Photography,Arts & Culture,Photographer,Arts and culture,Santa Cruz,,yes,,Santa Cruz County and Bay Area,https://www.kellygriffithsphotography.com/,,2026-07-17
Kyer Wiltshire,Arts & Culture,Photographer and videographer,Arts and culture,Santa Cruz,,yes,,Santa Cruz County,https://kyerwiltshire.com/,,2026-07-17
lille aeske arthouse,Arts & Culture,Gallery and art space,Arts and culture,Boulder Creek,13160 Highway 9,no,,Boulder Creek and the Santa Cruz Mountains arts community,https://www.lilleaeske.com/,408-309-0756,2026-07-15
San Lorenzo Valley Museum - Grace Episcopal Gallery,Arts & Culture,Local history museum,Arts and culture,Boulder Creek,12547 Highway 9,no,,San Lorenzo Valley,https://www.slvmuseum.org/,(831) 338-8382,2026-07-15
Santa Cruz Mountains Art Center,Arts & Culture,Community art center & gallery,Arts and culture,Ben Lomond,9341 Mill Street,no,,San Lorenzo Valley,https://www.mountainartcenter.org/,831-336-3513,2026-07-17
Viscosity Glass,Arts & Culture,Glass art studio and gallery,Arts and culture,Boulder Creek,13158 Central Avenue,no,,Boulder Creek,https://www.viscositystudio.com/gallery/,206-669-1955,2026-07-15
4x4 and More,Automotive,"Auto repair, tires, and off-road",Cars and getting around,Scotts Valley,5040 Scotts Valley Drive,no,,"Scotts Valley, San Lorenzo Valley, Santa Cruz, and San Jose area",https://www.4x4andmore.us/,831-439-0902,2026-07-17
Boulder Creek American,Automotive,Gas station and convenience store,Cars and getting around,Boulder Creek,13211 Highway 9,no,,Boulder Creek,https://www.facebook.com/p/Boulder-Creek-American-Gas-100066299868247/,831-338-2678,2026-07-22
Ernie's Service Center,Automotive,Auto repair and smog,Cars and getting around,Felton,6281 Graham Hill Road,no,,"Felton, San Lorenzo Valley, and greater Santa Cruz County",https://www.erniesservicecenter.com/,831-335-5332,2026-07-17
Integrity Automotive Service,Automotive,Auto repair and smog,Cars and getting around,Scotts Valley,107-A Whispering Pines Drive,no,,Scotts Valley and Santa Cruz County,https://www.smogcheckscottsvalley.com/,831-439-9631,2026-07-17
Ladd's Towing,Automotive,Towing and auto body,Cars and getting around,Felton,6085 Highway 9,no,,"San Lorenzo Valley, including Felton, Ben Lomond, and Boulder Creek",https://laddstowingservice.com/,831-335-2222,2026-07-17
Lloyd's Tire & Auto Care - Scotts Valley,Automotive,Tires and auto repair,Cars and getting around,Scotts Valley,"5310 Scotts Valley Drive, Unit D",no,,Scotts Valley and Santa Cruz County,https://locations.lloydstire.com/ca/scotts-valley/5310-unit-d-scotts-valley-drive,831-461-9204,2026-07-17
Mountain Mechanics,Automotive,Auto repair and smog,Cars and getting around,Boulder Creek,13265 Big Basin Way,no,,Boulder Creek and surrounding mountain communities,https://www.mountainmechanics.net/,831-338-3903,2026-07-15
Skip's Tire & Auto Repair - Scotts Valley,Automotive,Tires and auto repair,Cars and getting around,Scotts Valley,231 Mount Hermon Road,no,,Scotts Valley and Santa Cruz County,https://locations.skipstire.com/ca/scotts-valley/231-mount-hermon-road,831-438-0296,2026-07-17
Smiling Grille Auto Repair,Automotive,Mobile auto repair,Cars and getting around,Boulder Creek,,yes,,Boulder Creek and the San Lorenzo Valley,https://www.facebook.com/sgarmobile/,831-706-5698,2026-07-17
Bella Nails,Beauty,Nail salon,"Beauty, health and fitness",Scotts Valley,"245U Mt Hermon Road, Scotts Valley, CA 95066",no,,,,831-461-1618,2026-07-17
Central Avenue Salon,Beauty,Hair salon,"Beauty, health and fitness",Boulder Creek,13162 Central Avenue,no,,Boulder Creek,https://www.facebook.com/centralavenuesalonbc/,415-725-0850,2026-07-16
Felton Nails,Beauty,Nail salon,"Beauty, health and fitness",Felton,"6265 Graham Hill Road, Felton, CA 95018",no,,,,831-335-5464,2026-07-17
Hair Hut,Beauty,Hair salon,"Beauty, health and fitness",Boulder Creek,"13266 Highway 9, Suite A",no,,Boulder Creek and the San Lorenzo Valley,https://www.facebook.com/bouldercreekhairhut/,831-239-0317,2026-07-16
K-Salon,Beauty,Hair salon,"Beauty, health and fitness",Ben Lomond,,yes,,San Lorenzo Valley and Santa Cruz,https://www.ksalon.us/,,2026-07-16
Kalani Day Spa,Beauty,Day spa,"Beauty, health and fitness",Scotts Valley,"245 Mt Hermon Road, Suite D",no,,Scotts Valley and the San Lorenzo Valley,https://kalanidayspa.com/,831-600-7116,2026-07-17
Kathy Nails,Beauty,Nail salon,"Beauty, health and fitness",Felton,"6198 Highway 9, Felton, CA 95018",no,,,,831-335-9522,2026-07-17
Lilia Skin,Beauty,Skin care and facials,"Beauty, health and fitness",Felton,,yes,,Felton and the San Lorenzo Valley,https://www.instagram.com/lilia_skin/,,2026-07-17
Michelle's Nails,Beauty,Nail salon,"Beauty, health and fitness",Ben Lomond,"10090 Highway 9, Suite 1",no,,San Lorenzo Valley,,831-336-8125,2026-08-08
Millie's Nail & Spa,Beauty,Nail salon,"Beauty, health and fitness",Scotts Valley,,no,,,,408-207-8450,2026-07-17
Oh Suzannah Hair Designers,Beauty,Hair salon,"Beauty, health and fitness",Boulder Creek,13090 Highway 9,no,,Boulder Creek,https://www.facebook.com/OhSuzannas/,831-338-3883,2026-07-16
Oli Nails,Beauty,Nail artist,"Beauty, health and fitness",Boulder Creek,,yes,,"Boulder Creek and the San Lorenzo Valley, plus a Scotts Valley salon space",https://www.instagram.com/olive__oli_nails/,,2026-07-24
Paper Moon Skincare Studio,Beauty,Skin care studio,"Beauty, health and fitness",Scotts Valley,4 Camp Evers Lane,no,,Scotts Valley and the San Lorenzo Valley,https://www.papermoonbeauty.co/,831-200-3522,2026-07-17
Queen Nails,Beauty,Nail salon,"Beauty, health and fitness",Scotts Valley,"266 Mt Hermon Road, Suite M",no,,Scotts Valley and the San Lorenzo Valley,https://www.facebook.com/QueenNails95066/,831-438-8736,2026-08-08
Redwood Mountain Spa,Beauty,"Day spa, massage, and facials","Beauty, health and fitness",Boulder Creek,12560 Highway 9,no,,Boulder Creek and surrounding communities,https://redwoodmountainspa.com/,831-703-4519,2026-07-17
Society Barbershop,Beauty,Barbershop,"Beauty, health and fitness",Felton,6287 Highway 9,no,,San Lorenzo Valley and the Scotts Valley area,https://www.societybarbershop.com/,408-800-2219,2026-08-08
SuperNatural Beauty & Aesthetics,Beauty,Medical spa and skin care,"Beauty, health and fitness",Boulder Creek,12615 Highway 9,no,,Boulder Creek and the San Lorenzo Valley,https://supernatural.beauty/,661-889-5728,2026-08-11
VIP Hair Studio,Beauty,Hair salon,"Beauty, health and fitness",Ben Lomond,"10090 Highway 9, Suite 2",no,,Ben Lomond and the San Lorenzo Valley,https://vip-hair-studio.com/,831-609-6563,2026-07-16
Companion Bakeshop,Cakes & Desserts,Wedding cakes and bakery,"Weddings, parties and events",Santa Cruz,,no,,Santa Cruz County,https://www.companionbakeshop.com/weddings,,2026-07-17
Dessert First Bakery,Cakes & Desserts,Wedding cakes and bakery,"Weddings, parties and events",Boulder Creek,,yes,,San Lorenzo Valley and Santa Cruz County,https://www.santacruz.org/listings/dessert-first-bakery/,,2026-07-17
Edith Meyer Wedding Cakes,Cakes & Desserts,Wedding cakes,"Weddings, parties and events",Santa Cruz,,yes,,Santa Cruz County,https://www.edithmeyer.com/,,2026-07-17
Freedom Bakery & Confections,Cakes & Desserts,Wedding cakes and bakery,"Weddings, parties and events",Watsonville,,no,,Santa Cruz County,https://www.freedombakery.com/,,2026-07-17
Gayle's Bakery & Rosticceria,Cakes & Desserts,Wedding cakes and bakery,"Weddings, parties and events",Capitola,,no,,Santa Cruz County,https://www.gaylesbakery.com/,,2026-07-17
Sugar Bakery Co.,Cakes & Desserts,Wedding cakes and bakery,"Weddings, parties and events",Soquel,,no,,Santa Cruz County,https://www.sugarbakeryco.com/,,2026-07-17
The Buttery,Cakes & Desserts,Wedding cakes and bakery,"Weddings, parties and events",Santa Cruz,,no,,Santa Cruz County,https://www.butterybakery.com/,,2026-07-17
Feel Good Foods Catering,Catering & Bar,Wedding and event catering,"Weddings, parties and events",Santa Cruz,,yes,,Santa Cruz County,https://www.feelgoodfoodscatering.com/,,2026-07-17
Humble Bumble Catering,Catering & Bar,Wedding and event catering,"Weddings, parties and events",Santa Cruz,,yes,,Santa Cruz County,https://www.humblebumblecatering.com/,,2026-07-17
Santa Cruz Catering Company,Catering & Bar,Wedding and event catering,"Weddings, parties and events",Santa Cruz,,yes,,Santa Cruz County,https://santacruzcateringcompany.com/,,2026-07-17
Sunny's Catering,Catering & Bar,Wedding and event catering,"Weddings, parties and events",Santa Cruz,,yes,,Santa Cruz County and the Bay Area,https://sunnyscatering.com/,,2026-07-17
The Wild Bite,Catering & Bar,Catering and day-of coordination,"Weddings, parties and events",Santa Cruz,,yes,,Santa Cruz County and beyond,https://www.instagram.com/thewildbite/,,2026-07-17
Tip Top Taps,Catering & Bar,Mobile bar and tap service,"Weddings, parties and events",Santa Cruz,,yes,,Santa Cruz County,https://www.sctiptoptaps.com/,,2026-07-17
Wylder Space,Catering & Bar,Wedding and event catering,"Weddings, parties and events",Felton,,yes,,San Lorenzo Valley and Santa Cruz County,https://www.wylderspace.com/,,2026-07-17
211 Santa Cruz County,Community & Nonprofit,Health & Human Services Referral,"Civic, emergency and community",Santa Cruz County,,no,,"Santa Cruz County, including Boulder Creek",https://211santacruzcounty.org/,831-713-4111,2026-07-15
Boulder Creek Business Association,Community & Nonprofit,Business association,"Civic, emergency and community",Boulder Creek,,no,,Boulder Creek,https://www.bcba.net/,831-217-3643,2026-07-22
Camp Joy Gardens,Community & Nonprofit,"Organic farm, garden education nonprofit, and event flowers","Civic, emergency and community",Boulder Creek,131 Camp Joy Road,no,,Boulder Creek and the Santa Cruz Mountains,https://campjoygardens.org/,831-338-3651,2026-07-17
Highlands Park Senior & Community Center,Community & Nonprofit,Senior & community center,"Civic, emergency and community",Ben Lomond,8500 Highway 9,no,,San Lorenzo Valley,https://highlandsparkseniorcenter.org/,831-336-8900,2026-07-17
KBCZ 89.3 FM,Community & Nonprofit,Community radio station,"Civic, emergency and community",Boulder Creek,13200 Highway 9,no,,Boulder Creek / San Lorenzo Valley,https://kbcz.org/,831-703-4420,2026-07-17
Mountain Community Resources,Community & Nonprofit,Family resource center,"Civic, emergency and community",Felton,6134 Highway 9,no,,San Lorenzo Valley,https://communitybridges.org/mcr/,831-335-6600,2026-07-17
San Lorenzo Valley Chamber of Commerce,Community & Nonprofit,Chamber of commerce,"Civic, emergency and community",Felton,,no,,San Lorenzo Valley,https://slvchamber.org/,831-335-6500,2026-07-22
San Lorenzo Valley Post,Community & Nonprofit,Local news outlet,"Civic, emergency and community",Felton,PO Box 1044,no,,San Lorenzo Valley,https://slvpost.com/,831-335-6500,2026-07-17
Valley Churches United Missions,Community & Nonprofit,Food pantry & family assistance,"Civic, emergency and community",Ben Lomond,9400 Highway 9,no,,San Lorenzo Valley / Scotts Valley,https://vcum.org/,831-336-8258,2026-07-17
Adina's Daycare,Education & Childcare,Family daycare,Education and childcare,Boulder Creek,,yes,"License #444406040 (Family Child Care Home, active; capacity 14, initial license 1991-09-06)",Boulder Creek,,831-338-3873,2026-07-17
Boulder Creek Elementary School,Education & Childcare,Public Elementary School,Education and childcare,Boulder Creek,400 Lomond Street,no,,Assigned SLVUSD attendance area,https://bce.slvusd.org/,831-338-6413,2026-07-15
Busy Bees Playschool,Education & Childcare,Family daycare,Education and childcare,Boulder Creek,,yes,"License #444417882 (Family Child Care Home, Boulder Creek, active). Second location: Busy Bees Playschool Two, License #444418540 (Child Care Center, active), 7985 B Highway 9, Ben Lomond.",Boulder Creek and Ben Lomond (San Lorenzo Valley),,831-251-0921,2026-08-08
Busy Bees Playschool Two,Education & Childcare,Child care center,Education and childcare,Ben Lomond,7985 Highway 9,no,"License #444418540 (child care center, active)",San Lorenzo Valley,,831-289-3012,2026-08-08
Community Mountain Gymnastics,Education & Childcare,"Youth gymnastics classes, camps, and parties",Education and childcare,Felton,6171 Highway 9,no,,"Felton, Scotts Valley, and the Santa Cruz Mountains",https://www.communitymountaingym.com/,831-216-6186,2026-07-17
Highlands Park Early Education Center,Education & Childcare,Child care center,Education and childcare,Ben Lomond,8500 Highway 9,no,"California licensed day care center / infant center (CCLD #444413303, capacity 16)",San Lorenzo Valley and Santa Cruz County,https://communitybridges.org/eed/,831-400-1170,2026-07-17
Kreative Kids Preschool,Education & Childcare,Recreation preschool program,Education and childcare,Ben Lomond,"Wilder Hall, Ben Lomond Park, 9525 Mill Street",no,License-exempt recreation program (Santa Cruz County Parks; no state child care license required),San Lorenzo Valley and Santa Cruz County,https://parks.santacruzcountyca.gov/Home/FindaProgram/Recreation/KreativeKidsPreschool.aspx,,2026-07-24
Little Explorers (BCRPD),Education & Childcare,Recreation preschool program,Education and childcare,Boulder Creek,"13333 Middleton Avenue, Boulder Creek, CA 95006",no,,,https://www.bcrpd.org/,831-338-4144,2026-07-17
Little People's School,Education & Childcare,Infant and toddler daycare,Education and childcare,Boulder Creek,13155 Oak Street,no,"License #444414367 (Infant Center, active; capacity 13). CDSS Community Care Licensing, San Jose regional office.",Boulder Creek,,831-566-4236,2026-07-24
Mathnasium of Scotts Valley,Education & Childcare,Tutoring,Education and childcare,Scotts Valley,"245 Mt Hermon Road, Suite J",no,,"Scotts Valley, Felton, Ben Lomond, Bonny Doon, and Boulder Creek",https://www.mathnasium.com/math-centers/scottsvalley,831-706-9907,2026-07-16
Messy Play Kits,Education & Childcare,Children's sensory play kits and classes,Education and childcare,Boulder Creek,,yes,,Boulder Creek and Santa Cruz County; kits ship nationwide,https://messyplaykits.com/,,2026-07-17
Miss Brooke's Mini & Me Music Classes,Education & Childcare,Children's music and movement classes,Education and childcare,Boulder Creek,,yes,,Boulder Creek and the San Lorenzo Valley,https://www.instagram.com/missmakermomma/,,2026-07-17
Mountain Music School SV,Education & Childcare,Music lessons,Education and childcare,Scotts Valley,216A Mount Hermon Road,no,,Scotts Valley and surrounding communities,https://mountainmusicschoolsv.com/,831-201-9605,2026-07-16
Osito's Day Care,Education & Childcare,Family daycare,Education and childcare,Ben Lomond,,yes,"License #444409511 (Family Child Care Home, active; capacity 8). Home-based, so no address is published.",Ben Lomond and San Lorenzo Valley,,831-336-8486,2026-07-17
Rivendell Music Academy,Education & Childcare,Music lessons,Education and childcare,Felton,6215 Highway 9,no,,"Felton, Ben Lomond, and Boulder Creek",https://rivendellmusicacademy.com/,831-400-3344,2026-07-16
San Lorenzo Valley Unified School District,Education & Childcare,Public School District,Education and childcare,Ben Lomond,325 Marion Avenue,no,,"San Lorenzo Valley, including Boulder Creek",https://www.slvusd.org/,831-336-5194,2026-07-15
Santa Cruz County Child Development Resource Center,Education & Childcare,Child Care Referral,Education and childcare,Santa Cruz,400 Encinal Street,no,,"County families, including Boulder Creek",https://childcare.santacruzcoe.org/,831-466-5820,2026-07-15
Seeds of Knowledge Preschool,Education & Childcare,Preschool,Education and childcare,Boulder Creek,16900 Highway 9,no,License #444414586 (active).,Boulder Creek,https://seedsofknowledgeprek.com/,831-251-5711,2026-07-15
Tails of Redwood Trails LLC,Education & Childcare,"Youth horse education, camps, and lessons",Education and childcare,Felton,220 Covered Bridge Road,no,,Felton and the tri-county region,https://www.tailsofredwoodtrails.com/,831-706-7482,2026-07-17
Arch Electric,Electrical & Solar,Electrical contractor,Building and maintaining property,San Lorenzo Valley,,yes,CSLB #945992 (C-10),,https://archelectric831.com/,831-359-8747,2026-07-17
Big Basin Electric,Electrical & Solar,Electrical contractor,Building and maintaining property,Boulder Creek,,yes,"CSLB #1124539 (active, C-10)",Boulder Creek and San Lorenzo Valley,,831-334-8297,2026-07-15
Farinsky Energy Solutions,Electrical & Solar,Solar installer,Building and maintaining property,Ben Lomond,,yes,"CSLB #1118587 (active, C-46/C-10)",,,831-246-0915,2026-07-17
Jessi Phillips Electric,Electrical & Solar,Electrical contractor,Building and maintaining property,Ben Lomond,,yes,"CSLB #980978 (active, C-10)",,,831-246-2948,2026-07-16
Nolf Electric Services,Electrical & Solar,Residential electrical contractor,Building and maintaining property,Boulder Creek,,no,"CSLB #981732 (active, C-10)",San Lorenzo Valley,https://nextdoor.com/pages/nolf-electric-services,831-251-1552,2026-07-22
PCIS,Electrical & Solar,Electrical and low-voltage contractor,Building and maintaining property,Boulder Creek,,yes,"CSLB #1082718 (active, C-7)","Boulder Creek and regional residential, commercial, and industrial clients",https://pcisnet.com/,650-759-2682,2026-07-15
SE Electric,Electrical & Solar,Electrical contractor,Building and maintaining property,Boulder Creek,"12788 Highway 9, Suite 2",no,"CSLB #880002 (active, C-10)",Boulder Creek and surrounding Santa Cruz County communities,https://seelectric.net/,831-239-6635,2026-07-15
Wilson Electric,Electrical & Solar,Electrical contractor,Building and maintaining property,Boulder Creek,,yes,"CSLB #1058620 (active, C-10)",,,669-300-1333,2026-07-16
9-1-1 Emergency Dispatch,Emergency & Public Safety,Emergency Dispatch,"Civic, emergency and community",Santa Cruz County,,no,,"Santa Cruz County, including Boulder Creek",https://www.scr911.org/general/page/who-are-we,911,2026-07-15
Ben Lomond Fire Protection District,Emergency & Public Safety,Fire protection district,"Civic, emergency and community",Ben Lomond,9430 Highway 9,no,,Ben Lomond and the San Lorenzo Valley,https://benlomondfd.com/,831-336-5495,2026-07-22
Boulder Creek Fire Protection District,Emergency & Public Safety,Fire & Rescue,"Civic, emergency and community",Boulder Creek,13230 Central Avenue,no,,Boulder Creek and Brookdale,https://www.bcfd.com/,831-338-7222,2026-07-15
Boulder Creek Sheriff's Service Center,Emergency & Public Safety,Law Enforcement Service Center,"Civic, emergency and community",Boulder Creek,13210 Central Avenue,no,,Boulder Creek area,https://shf.santacruzcountyca.gov/SheriffHome/MyCommunity/BoulderCreek.aspx,831-454-7440,2026-07-15
CAL FIRE CZU / Santa Cruz County Fire,Emergency & Public Safety,Wildland Fire Agency,"Civic, emergency and community",Felton,6059 Highway 9,no,,Santa Cruz County and CAL FIRE CZU area,https://www.fire.ca.gov/,831-335-5353,2026-07-15
CruzAware Emergency Alerts,Emergency & Public Safety,Emergency Alerts,"Civic, emergency and community",Santa Cruz County,,no,,Santa Cruz County,https://www.cruzaware.org/,,2026-07-15
Felton Fire Protection District,Emergency & Public Safety,Fire protection district,"Civic, emergency and community",Felton,131 Kirby Street,no,,Felton and surrounding areas,https://feltonfire.com/,831-335-4422,2026-07-22
Santa Cruz County Adult Protective Services,Emergency & Public Safety,Elder & Dependent Adult Protection,"Civic, emergency and community",Watsonville,500 Westridge Drive,no,,Santa Cruz County,https://www.santacruzhumanservices.org/AdultLongTermCare/AdultProtectiveServices/Whoshouldreportabuse,866-580-4357,2026-07-15
Santa Cruz County Child Abuse and Neglect Reporting Line,Emergency & Public Safety,Child Protection,"Civic, emergency and community",Santa Cruz County,,no,,Santa Cruz County,https://www.santacruzhumanservices.org/FamilyChildren/ChildWelfareServices/Investigations,877-505-3299,2026-07-15
Santa Cruz County Road Operations Dispatch,Emergency & Public Safety,Road Hazards,"Civic, emergency and community",Santa Cruz,2700 Brommer Street,no,,"County-maintained roads, including Boulder Creek",https://cdi.santacruzcountyca.gov/PublicWorks/ContactUs.aspx,831-477-3999,2026-07-15
Santa Cruz County Sheriff Non-Emergency Dispatch,Emergency & Public Safety,Law Enforcement,"Civic, emergency and community",Santa Cruz County,,no,,"Unincorporated County, including Boulder Creek",https://www.scr911.org/general/page/contact-us,831-471-1121,2026-07-15
Scotts Valley Fire District,Emergency & Public Safety,Fire protection district,"Civic, emergency and community",Scotts Valley,7 Erba Lane,no,,Scotts Valley and surrounding areas,https://scottsvalleyfire.com/,831-438-0211,2026-07-22
Walnut Avenue Domestic Violence Helpline,Emergency & Public Safety,Domestic Violence Support,"Civic, emergency and community",Santa Cruz,303 Walnut Avenue,no,,"Santa Cruz County, including Boulder Creek",https://www.wafwc.org/domestic-violence,866-269-2559,2026-07-15
Zayante Fire Protection District,Emergency & Public Safety,Fire protection district,"Civic, emergency and community",Felton,7700 East Zayante Road,no,,Zayante and Lompico,https://zayantefire.com/,831-335-5100,2026-07-22
Creekside Mini Storage,Errands & Essentials,Self storage,Shopping and errands,Scotts Valley,"4604 Scotts Valley Drive, Suite 16",no,,Scotts Valley and the San Lorenzo Valley,https://www.creeksideministorage.com/,831-438-0985,2026-07-16
Doughlicious Farmstand,Errands & Essentials,Farm stand,Shopping and errands,Boulder Creek,,yes,,,,,2026-07-17
The Mat - Boulder Creek Laundry,Errands & Essentials,Laundromat,Shopping and errands,Boulder Creek,12890 Highway 9,no,,Boulder Creek and the San Lorenzo Valley,https://www.bouldercreeklaundry.com/,831-609-4958,2026-07-16
Valley Mini Storage,Errands & Essentials,Self storage,Shopping and errands,Felton,5865 Graham Hill Road,no,,San Lorenzo Valley,https://www.valleyministorageca.com/,831-335-3931,2026-07-16
Amphitheater of the Redwoods at Pema Osel Ling,Event Venues,Wedding and event venue,"Weddings, parties and events",Watsonville,,no,,Santa Cruz County,https://www.amphitheateroftheredwoods.com/,,2026-07-17
Felton Community Hall,Event Venues,Community hall rental,"Weddings, parties and events",Felton,6191 Highway 9,no,,Felton and the San Lorenzo Valley,https://www.feltonhall.org/,831-335-5621,2026-07-17
Felton Guild,Event Venues,Wedding and event venue,"Weddings, parties and events",Felton,5449 Highway 9,no,,Felton and the San Lorenzo Valley,https://www.feltonguildweddings.com/,831-336-8093,2026-07-17
Highlands House,Event Venues,Wedding and event venue,"Weddings, parties and events",Ben Lomond,8500 Highway 9,no,,Santa Cruz County (county-operated park venue),https://parks.santacruzcountyca.gov/Home/ExploreOurParksBeaches/AllCountyParks/HighlandsCountyPark.aspx,831-454-7901,2026-07-17
Hilton Santa Cruz / Scotts Valley,Event Venues,Hotel wedding venue,"Weddings, parties and events",Scotts Valley,,no,,Scotts Valley and Santa Cruz County,https://www.hilton.com/en/hotels/sjcsvhf-hilton-santa-cruz-scotts-valley/,,2026-07-17
Kennolyn Events,Event Venues,Wedding and event venue,"Weddings, parties and events",Soquel,8400 Glen Haven Road,no,,Santa Cruz County (Soquel; regional destination venue),https://www.kennolyn.com/,831-479-6700,2026-07-17
Quail Hollow Ranch County Park,Event Venues,Wedding and event venue,"Weddings, parties and events",Felton,,no,,San Lorenzo Valley and Santa Cruz County,https://parks.santacruzcountyca.gov/,,2026-07-17
Sydalyn Hill,Event Venues,Wedding and event venue,"Weddings, parties and events",Felton,,no,,Felton and the San Lorenzo Valley,https://sydalynhill.com/,408-892-1994,2026-07-17
The Barn at River House,Event Venues,Wedding and event venue,"Weddings, parties and events",Ben Lomond,200 Holiday Lane,no,,Ben Lomond and the San Lorenzo Valley,https://www.facebook.com/TheRiverHouseBenLomond/,831-688-0355,2026-07-17
The Sequoia Retreat Center,Event Venues,Wedding and retreat venue,"Weddings, parties and events",Ben Lomond,11445 Alba Road,no,,Ben Lomond and the San Lorenzo Valley,https://www.sequoiaretreatcenter.com/,831-218-5872,2026-07-17
Waterfall Lodge and Retreat,Event Venues,Wedding and event venue,"Weddings, parties and events",Ben Lomond,325 Hidden Falls Trail,no,,Ben Lomond and the San Lorenzo Valley,https://waterfallsantacruz.com/,831-212-3895,2026-07-17
Affordable Septic & Excavating Services,"Excavation, Grading & Paving",Septic and excavation,Building and maintaining property,Boulder Creek,,yes,"CSLB #570532 (active, B, A)","Boulder Creek, San Lorenzo Valley, and Santa Cruz County",https://www.affordablesepticandexcavatingservices.com/,831-338-8900,2026-07-15
"Jeff Hill & Sons Excavation and Grading, Inc.","Excavation, Grading & Paving",Excavation and grading,Building and maintaining property,Ben Lomond,,yes,"CSLB #533150 (active, A)",,https://jeffhillandsons.com/,831-336-5092,2026-07-16
Josh Sladwick Engineering,"Excavation, Grading & Paving",Grading and excavation,Building and maintaining property,Boulder Creek,,yes,"CSLB #1033305 (active, A)",,,831-566-3324,2026-07-16
Miller Paving,"Excavation, Grading & Paving",Paving and grading,Building and maintaining property,Ben Lomond,,yes,"CSLB #872042 (active, A)",,https://www.miller-paving.com/,831-566-2035,2026-07-16
"MTM Truck & Tractor, Inc.","Excavation, Grading & Paving",Excavation and tractor work,Building and maintaining property,Ben Lomond,,yes,"CSLB #648419 (active, A)",,,831-336-3600,2026-07-16
Dahlias & Details,Florists,Florist,"Weddings, parties and events",Capitola,,no,,Santa Cruz County,https://www.dahliasanddetails.com/,,2026-07-17
Ferrari Florist & Gardens,Florists,Florist,"Weddings, parties and events",Santa Cruz,415F River Street,no,,"Santa Cruz County, including Boulder Creek",https://www.ferrariflorist.com/,831-460-7000,2026-07-17
Redwood & Ranunculus,Florists,Florist / floral studio,"Weddings, parties and events",Felton,Downtown Felton,no,,San Lorenzo Valley,https://makesommart.com/,831-706-8447,2026-07-17
Seascape Flowers,Florists,Florist,"Weddings, parties and events",Aptos,,no,,Santa Cruz County,https://seascapeflowers.com/,,2026-07-17
Wild Iris Floral and Botanical,Florists,Florist,"Weddings, parties and events",Felton,6227 Highway 9,no,,"Felton, Scotts Valley, Ben Lomond, Brookdale, Boulder Creek (within 1 mile of town limits), and Santa Cruz",https://www.wildirisfloral.com/,831-278-0151,2026-07-17
Woodland Floral & Creations,Florists,Wood florist (sola flower creations),"Weddings, parties and events",Boulder Creek,,yes,,Boulder Creek and the San Lorenzo Valley,https://www.facebook.com/Wfcbouldercreek/,801-564-9944,2026-07-17
Fruition Brewing,Food and Drink,Brewery and taproom,Other,Watsonville,918 E Lake Ave,no,,Santa Cruz County,https://www.fruitionbrewing.com/,,2026-08-16
Steel Bonnet Brewing Company,Food and Drink,Brewery and taproom,Other,Scotts Valley,20 Victor Square,no,,Santa Cruz County,https://www.steelbon.net/,,2026-08-16
Aaron Chase Construction,General Contractors & Construction,General contractor,Building and maintaining property,Boulder Creek,,yes,"CSLB #1063144 (active, B)",,,831-566-1336,2026-07-16
Boulder Creek Concrete,General Contractors & Construction,Concrete contractor,Building and maintaining property,Boulder Creek,,yes,"CSLB #1142895 (active, C-8)",,,650-669-2547,2026-07-17
California Custom Painting and Design,General Contractors & Construction,Painting contractor,Building and maintaining property,Boulder Creek,,yes,"CSLB #1019283 (active, C-33)",,,408-561-3447,2026-07-17
Christopher A New Roofing,General Contractors & Construction,Roofing contractor,Building and maintaining property,Ben Lomond,,yes,"CSLB #668255 (active, C-39)",,,831-336-3553,2026-07-17
Dixon Construction,General Contractors & Construction,General contractor,Building and maintaining property,Felton,,yes,"CSLB #635141 (active, B)",,https://dixonconstruct.com/,831-335-3162,2026-07-16
"Eric Martin Construction, Inc.",General Contractors & Construction,General contractor,Building and maintaining property,Ben Lomond,,yes,"CSLB #981846 (active, B)",,,408-768-3905,2026-07-16
Fine Edge Painting,General Contractors & Construction,Painting contractor,Building and maintaining property,Felton,,yes,"CSLB #1110102 (active, C-33)",,,831-278-0698,2026-07-17
Gary Fox Cabinets,General Contractors & Construction,Cabinet maker,Building and maintaining property,Boulder Creek,,yes,"CSLB #697984 (active, B)",,,831-238-4262,2026-07-17
Geist Builders Group,General Contractors & Construction,General contractor,Building and maintaining property,Boulder Creek,13119 Highway 9,no,"CSLB #1098482 (active, B)",Boulder Creek and Santa Cruz County,https://geistbuildersgroup.com/,831-218-5730,2026-07-15
GNN Construction,General Contractors & Construction,General contractor,Building and maintaining property,Boulder Creek,,yes,"CSLB #997768 (active, B)",,,831-247-9771,2026-07-16
Jeff Vedder Painting,General Contractors & Construction,Painting contractor,Building and maintaining property,Boulder Creek,,yes,"CSLB #920153 (active, C-33)","San Lorenzo Valley, Santa Cruz County, Central Coast, and greater San Jose",https://vedderpainting.com/,831-338-8080,2026-07-15
Jordan Booth Welding,General Contractors & Construction,Welding,Building and maintaining property,Boulder Creek,,yes,"CSLB #951485 (active, C-60)",,,831-325-3199,2026-07-16
JRG Construction,General Contractors & Construction,General contractor,Building and maintaining property,Boulder Creek,,yes,"CSLB #967855 (active, B)",,,831-345-2917,2026-07-16
Kevin Foster Construction,General Contractors & Construction,General contractor,Building and maintaining property,Boulder Creek,,yes,"CSLB #936857 (active, B)",,,831-588-2055,2026-07-16
"LK Construction and Management, Inc.",General Contractors & Construction,General contractor and construction management,Building and maintaining property,Boulder Creek,,yes,"CSLB #1010899 (active, B)",,https://lkcm-inc.com/,831-901-1030,2026-07-16
Lotz Construction,General Contractors & Construction,General contractor,Building and maintaining property,Ben Lomond,,yes,"CSLB #865919 (active, B)",,,831-252-3767,2026-07-16
Machado Bros. Painting,General Contractors & Construction,Painting contractor,Building and maintaining property,Boulder Creek,,yes,"CSLB #1012390 (active, C-33)",,https://www.machadobrospainting.com/,831-331-8741,2026-07-16
Markey Construction,General Contractors & Construction,General contractor,Building and maintaining property,Boulder Creek,,yes,"CSLB #1145076 (active, B)",,https://www.markeyconstructioninc.com/,(831) 359-1634,2026-07-17
Meadows Custom Builders,General Contractors & Construction,General contractor,Building and maintaining property,Boulder Creek,,yes,"CSLB #1077781 (active, B)",,https://meadowscustombuilders.com/,408-489-8145,2026-07-16
New Solutions Construction,General Contractors & Construction,General contractor,Building and maintaining property,Boulder Creek,,yes,"CSLB #700075 (active, B)",,,831-291-0560,2026-07-16
Oliveira & Sons,General Contractors & Construction,General contractor,Building and maintaining property,Felton,,yes,"CSLB #940607 (active, B)",,,831-239-9655,2026-07-16
Platinum Contracting Services,General Contractors & Construction,General contractor,Building and maintaining property,Boulder Creek,,yes,"CSLB #1037868 (active, B)",,,650-732-2168,2026-07-16
Robert Bimbi Construction,General Contractors & Construction,General building contractor,Building and maintaining property,Boulder Creek,,no,"CSLB #798373 (active, B)",Santa Cruz and Santa Clara counties,https://robertbimbiconstruction.com/,408-833-2096,2026-07-22
Terry Miller Concrete,General Contractors & Construction,Concrete contractor,Building and maintaining property,Ben Lomond,,yes,"CSLB #755895 (active, C-8)",,,831-336-1133,2026-07-17
VSG Builder,General Contractors & Construction,General contractor,Building and maintaining property,Boulder Creek,,yes,"CSLB #1141184 (active, B)",,,831-818-5733,2026-07-17
Santa Cruz County Benefits Customer Service,Government & Public Services,"CalFresh, Medi-Cal & Cash Aid","Civic, emergency and community",Santa Cruz,"1020 Emeline Avenue, Building B",no,,"Santa Cruz County, including Boulder Creek",https://santacruzhumanservices.org/EmploymentBenefits/PhoneCustomerServiceCenter/CustomerServices,888-421-8080,2026-07-15
Santa Cruz County Planning & Unified Permit Center,Government & Public Services,"Planning, Building & Permits","Civic, emergency and community",Santa Cruz,"701 Ocean Street, 4th Floor",no,,"Unincorporated County, including Boulder Creek",https://cdi.santacruzcountyca.gov/UPC.aspx,831-454-2580,2026-07-15
"Santa Cruz County Supervisor, District 5",Government & Public Services,County Representation,"Civic, emergency and community",Santa Cruz,"701 Ocean Street, Room 500",no,,"District 5, including Boulder Creek",https://www.santacruzcountyca.gov/government/boardofsupervisors/district5.aspx,831-454-2200,2026-07-15
Santa Cruz County Veterans Services Office,Government & Public Services,Veterans Benefits & Advocacy,"Civic, emergency and community",Santa Cruz,842 Front Street,no,,Santa Cruz County veterans and families,https://www.santacruzhumanservices.org/AdultLongTermCare/VeteransServices/VeteransServicesOffice,831-454-7276,2026-07-15
Coastal Mountain Handyman Services,Handyman & Property Maintenance,Handyman and property maintenance,Building and maintaining property,Boulder Creek,,yes,,,,831-252-1170,2026-07-17
Handyman Dan,Handyman & Property Maintenance,Handyman and property maintenance,Building and maintaining property,Boulder Creek,,yes,,,,831-278-0516,2026-07-17
Squatch Valley Property Services,Handyman & Property Maintenance,Handyman and property maintenance,Building and maintaining property,Boulder Creek,,yes,,,,831-316-3188,2026-07-17
Wes White Handyman & General Maintenance,Handyman & Property Maintenance,Handyman and property maintenance,Building and maintaining property,Boulder Creek,,yes,,,,831-889-0226,2026-07-17
988 Suicide & Crisis Lifeline,Health & Wellness,Suicide & Crisis Support,"Beauty, health and fitness",United States,,no,,"Nationwide, including Boulder Creek",https://988lifeline.org/,988,2026-07-15
BC Day Spa,Health & Wellness,Massage therapy,"Beauty, health and fitness",Boulder Creek,125 Forest Street,no,,Boulder Creek,,831-889-8349,2026-08-17
Boulder Creek Dental,Health & Wellness,Dentistry,"Beauty, health and fitness",Boulder Creek,13270 Big Basin Way,no,,Boulder Creek and surrounding communities,https://www.bouldercreekdental.com/,831-338-2131,2026-07-15
Deer Horn Ranch,Health & Wellness,Equine-assisted psychotherapy,"Beauty, health and fitness",Felton,,yes,"AMFT #161226 (supervised by Jennifer Hope Krasner, LCSW #27831)",San Lorenzo Valley and Santa Cruz County,https://www.deerhornranchfelton.com/,,2026-07-17
Elevated Wellness Massage & Bodywork,Health & Wellness,Massage therapy,"Beauty, health and fitness",Boulder Creek,127 Forest Street,no,,Boulder Creek,https://www.elevatedwellnessmassage.com/,831-345-8043,2026-07-15
"Hunt & Shaw, OD's",Health & Wellness,Optometry,"Beauty, health and fitness",Ben Lomond,7965 Highway 9,no,,San Lorenzo Valley and Scotts Valley,https://www.huntandshaw.com/,831-336-2279,2026-07-17
Kaplan Chiropractic,Health & Wellness,Chiropractic,"Beauty, health and fitness",Boulder Creek,154 Forest Street,no,,Boulder Creek and the San Lorenzo Valley,https://kaplanchiro.com/,831-338-0677,2026-07-17
Mountain Sangha,Health & Wellness,Yoga studio,"Beauty, health and fitness",Boulder Creek,"12788 Highway 9, Suite 1",no,,Boulder Creek and the San Lorenzo Valley,https://www.mountainsangha.com/,831-217-3018,2026-07-15
New Dimensions Acupuncture & Herbology,Health & Wellness,Acupuncture and Chinese medicine,"Beauty, health and fitness",Ben Lomond,550 Hillcrest Drive,no,,San Lorenzo Valley,http://www.ahutif.com/,831-335-1560,2026-07-17
Santa Cruz County Behavioral Health Access & Crisis Line,Health & Wellness,Mental Health Crisis & Mobile Response,"Beauty, health and fitness",Santa Cruz,"1400 Emeline Avenue, Building K",no,,All Santa Cruz County residents,https://www.santacruzhealth.org/BehavioralHealth/Programs/CrisisServices.aspx,800-952-2335,2026-07-15
Spa Santangelo,Health & Wellness,Wellness spa,"Beauty, health and fitness",Felton,,yes,,Felton and the San Lorenzo Valley,https://spasantangelo.com/,831-335-8335,2026-07-17
Cozy Firewood,Home Services & Repair,Firewood delivery,Building and maintaining property,Felton,,yes,,Felton and the San Lorenzo Valley,https://www.instagram.com/cozyfirewood/,831-235-4343,2026-07-16
Dr Spa,Home Services & Repair,Pool and hot tub service,Building and maintaining property,Santa Cruz,,yes,"CSLB #758115 (active, C-61/D35)",,,408-799-8609,2026-07-17
Good Sense Termite,Home Services & Repair,Termite control,Building and maintaining property,Campbell,,yes,,"Santa Cruz Mountains, including Felton and Boulder Creek",https://www.goodsensetermite.com/,408-418-9152,2026-07-16
Lambert & Son Moving,Home Services & Repair,Moving and storage,Building and maintaining property,Santa Cruz,2638 17th Avenue,no,,"Santa Cruz County, including Boulder Creek, Ben Lomond, and Felton",https://lambertmoving.com/,831-420-0419,2026-07-16
Mountain Propane Service,Home Services & Repair,Propane supplier,Building and maintaining property,Felton,6576 Highway 9,no,,San Lorenzo Valley and greater Santa Cruz County,http://www.mountainpropaneservice.com/,831-335-9193,2026-07-16
Rational Moving,Home Services & Repair,Moving company,Building and maintaining property,Santa Cruz,,yes,BHGS Household Mover Permit MTR0192109,"Santa Cruz County, including Boulder Creek, Ben Lomond, and Felton",https://rationalmoving.com/,831-425-1448,2026-07-17
Safeguard Chimney Sweep Company,Home Services & Repair,Chimney sweep,Building and maintaining property,Watsonville,,yes,,"Santa Cruz County, including Boulder Creek and the San Lorenzo Valley",https://www.safeguardchimneysweepco.com/,831-201-8156,2026-07-16
Santa Cruz Appliance Repair,Home Services & Repair,Appliance repair,Building and maintaining property,Santa Cruz,250-B Potrero Street,no,,"Santa Cruz County, including Boulder Creek, Ben Lomond, and Felton",https://www.santacruzappliancerepair.com/,831-466-6095,2026-07-16
XterminatriX Holistic Pest Control,Home Services & Repair,Pest control,Building and maintaining property,Felton,,yes,,"San Lorenzo Valley, including Boulder Creek, Felton, and Ben Lomond",https://xterminatrix.com/,855-284-5233,2026-07-16
Clean Mountain House Cleaning,House Cleaning,House cleaning,Building and maintaining property,Boulder Creek,,yes,,Boulder Creek and the Santa Cruz Mountains,https://www.facebook.com/cleanmountainhc/,831-585-5841,2026-07-17
San Lorenzo Valley Housekeeping,House Cleaning,House cleaning,Building and maintaining property,Boulder Creek,,yes,,Boulder Creek and the San Lorenzo Valley,http://www.lochdog.com/SLVHousekeeping/,831-566-8979,2026-07-16
Santa Cruz Maids,House Cleaning,House cleaning,Building and maintaining property,Santa Cruz,,yes,,"Santa Cruz County, including Scotts Valley and Felton",https://www.scruzmaids.com/,831-480-6420,2026-07-16
SCM Custom Cleaning,House Cleaning,House cleaning,Building and maintaining property,Boulder Creek,,yes,,San Lorenzo Valley and surrounding Santa Cruz Mountains,https://scmcustomcleaning.wordpress.com/,831-222-0402,2026-07-17
Soap Bubble Cleaning Service,House Cleaning,House cleaning,Building and maintaining property,Brookdale,,yes,,San Lorenzo Valley,https://www.facebook.com/profile.php?id=100066753095564,831-252-0720,2026-08-08
Brenda's Face Painting,Kids Parties,Face painting,"Weddings, parties and events",Santa Cruz,,yes,,"Santa Cruz County, including the San Lorenzo Valley",https://www.brendasfacepainting.com/,,2026-07-17
Happily Ever Laughter,Kids Parties,"Kids party entertainment (characters, magic, puppets)","Weddings, parties and events",Santa Cruz,,yes,,Santa Cruz County,https://happilyeverlaughter.com/,,2026-07-17
Haven Play Lounge and Cafe,Kids Parties,Indoor kids play lounge and party venue,"Weddings, parties and events",Scotts Valley,"108 Whispering Pines Drive, Suite 125",no,,Scotts Valley and Santa Cruz County,https://havenplayloungeandevents.com/,831-331-7349,2026-07-17
JuneBugs Gym,Kids Parties,Kids party venue (gymnastics),"Weddings, parties and events",Santa Cruz,,no,,Santa Cruz County,https://junebugsgym.com/,831-464-2847,2026-07-17
Kianti's Pizza & Pasta Bar,Kids Parties,Kids party venue (pizza making),"Weddings, parties and events",Santa Cruz,,no,,Santa Cruz County,https://kiantis.com/pizza-parties,831-469-4400,2026-07-17
Primal Henna Arts,Kids Parties,Henna and body art,"Weddings, parties and events",Santa Cruz,,yes,,Santa Cruz County and Monterey Bay,https://primalhennaarts.wixsite.com/primalhenna,,2026-07-17
Santa Cruz Beach Boardwalk,Kids Parties,"Kids party venue (bowling, arcade, laser tag)","Weddings, parties and events",Santa Cruz,,no,,Santa Cruz County,https://beachboardwalk.com/attractions/,,2026-07-17
Vargas Academy,Kids Parties,Kids party venue (gymnastics),"Weddings, parties and events",Scotts Valley,,no,,San Lorenzo Valley and Santa Cruz County,https://vargasacademy.com/,831-438-8242,2026-07-17
Angus Hill Landscapes,Landscaping & Gardening,Landscaping contractor,Building and maintaining property,Boulder Creek,,yes,"CSLB #1127823 (active, C-27)",,,650-799-0477,2026-07-17
"Baxter Landscaping, Inc.",Landscaping & Gardening,Landscaping contractor,Building and maintaining property,Ben Lomond,,yes,"CSLB #829811 (active, C-27)",,https://www.baxterlandscapinginc.com/,831-246-0537,2026-07-16
Dragonfly Landscape Services,Landscaping & Gardening,Gardening and yard maintenance,Building and maintaining property,Boulder Creek,,yes,,San Lorenzo Valley,,831-227-3848,2026-07-17
Good Earth Landscape & Design,Landscaping & Gardening,Landscaping contractor,Building and maintaining property,Ben Lomond,,yes,"CSLB #874175 (active, C-27)",,,831-359-6211,2026-07-17
Greenman Gardening,Landscaping & Gardening,Gardening and yard maintenance,Building and maintaining property,San Lorenzo Valley,,yes,,,,831-566-6045,2026-07-17
Hannah Soriano Gardens,Landscaping & Gardening,Gardening and yard maintenance,Building and maintaining property,Boulder Creek,,yes,"CSLB #1031253 (active, C-27)",San Lorenzo Valley,https://www.instagram.com/hannahsorianogardens/,303-882-8161,2026-07-17
Silverfern Gardens,Landscaping & Gardening,Gardening and yard maintenance,Building and maintaining property,Boulder Creek,,yes,,San Lorenzo Valley,,(831) 239-8221,2026-07-17
Simple Wonders Landscape and Design,Landscaping & Gardening,Gardening and yard maintenance,Building and maintaining property,Boulder Creek,,yes,,,,831-333-6709,2026-07-17
Brookdale Lodge,Lodging,Historic hotel with restaurant and lounge,Wineries and lodging,Brookdale,11570 Highway 9,no,,,https://www.brookdalelodge.com/,831-609-6010,2026-07-17
Fern River Resort,Lodging,Riverside cabin resort,Wineries and lodging,Felton,5250 Highway 9,no,,Felton and Santa Cruz Mountains visitors,https://www.fernriverresort.com/,831-335-4412,2026-07-17
Henry Cowell Redwoods State Park Campground,Lodging,State park campground,Wineries and lodging,Felton,101 North Big Trees Park Road,no,,Campers visiting the San Lorenzo Valley and Santa Cruz Mountains,https://www.parks.ca.gov/?page_id=546,831-335-4598,2026-07-17
Masood's Lodge,Lodging,Cabin and studio lodging,Wineries and lodging,Boulder Creek,13420 Big Basin Way,no,,Boulder Creek visitors,https://www.masoodslodge.com/,831-246-4517,2026-07-17
Mount Hermon Christian Camps & Conference Center,Lodging,Christian camp and conference center,Wineries and lodging,Mount Hermon,37 Conference Drive,no,,"Retreat, conference, and camp groups",https://www.mounthermon.org/,831-335-4466,2026-07-17
Quality Inn & Suites Santa Cruz Mountains,Lodging,Motel,Wineries and lodging,Ben Lomond,9733 Highway 9,no,,Ben Lomond and San Lorenzo Valley visitors,https://www.choicehotels.com/california/ben-lomond/quality-inn-hotels/ca498,831-336-2292,2026-07-17
Redwood Christian Park,Lodging,Christian retreat and group camp,Wineries and lodging,Boulder Creek,15000 Two Bar Road,no,,"Church groups, retreats, and registered family-camp participants",https://rcp.camp/,(831) 338-2134,2026-07-15
Redwood Resort RV Park and Campground,Lodging,RV park and seasonal campground,Wineries and lodging,Boulder Creek,150 Grove Street,no,,Boulder Creek visitors and extended-stay RV guests,https://www.redwoodresort.net/,(831) 338-3413,2026-07-15
AP Accounting & Consulting,Money & Professional Services,Accounting and tax preparation,"Money, professional and real estate",Boulder Creek,,yes,,Boulder Creek and the greater Bay Area,https://www.apaccountingconsulting.com/,408-309-0756,2026-07-17
BC Computer Repair,Money & Professional Services,Computer and IT repair,"Money, professional and real estate",Boulder Creek,13120 Pine Street,no,,Boulder Creek and the San Lorenzo Valley,https://www.santacruzpc.com/,831-706-4632,2026-07-22
Carpe Diem Financial Life Planning,Money & Professional Services,Financial advisor and tax services,"Money, professional and real estate",Ben Lomond,870 Woodland Drive,no,"Registered investment adviser, CRD #309092 (SEC IAPD); CFP, EA","San Lorenzo Valley, Scotts Valley, and Santa Cruz County",https://www.carpediem.financial/,831-539-9475,2026-07-17
Cassidy Insurance Agency,Money & Professional Services,Insurance agency,"Money, professional and real estate",Scotts Valley,"5521 Scotts Valley Drive, 2nd Floor",no,,Scotts Valley and Santa Cruz County,https://www.trustthecia.com/,831-438-5490,2026-07-16
Christina Wise Mobile Notary,Money & Professional Services,Mobile notary,"Money, professional and real estate",Felton,,yes,,"San Lorenzo Valley, including Boulder Creek, Ben Lomond, Brookdale, and Felton",https://www.christinawisemobilenotary.com/,831-588-0540,2026-07-16
Colin Giles - State Farm Insurance,Money & Professional Services,Insurance agency,"Money, professional and real estate",Felton,"6010 Highway 9, Suite 3",no,,Felton and the San Lorenzo Valley,https://www.statefarm.com/agent/us/ca/felton/colin-giles-9sgb31ys000,831-335-8442,2026-07-16
"Edward Jones - Zach Brown, CFP",Money & Professional Services,Financial advisor,"Money, professional and real estate",Scotts Valley,"5619 Scotts Valley Drive, Suite 120",no,,Scotts Valley and the San Lorenzo Valley,https://www.edwardjones.com/us-en/financial-advisor/zach-brown,831-438-2778,2026-07-16
Gott Computers,Money & Professional Services,Computer and IT repair,"Money, professional and real estate",Scotts Valley,5000 Scotts Valley Drive #3,no,,Santa Cruz County,https://gottcomputers.com/,831-246-6830,2026-07-16
Jim Flynn - State Farm Insurance,Money & Professional Services,Insurance agency,"Money, professional and real estate",Felton,6941 Highway 9,no,,Felton and the San Lorenzo Valley,https://jimflynn.org/,831-335-3421,2026-07-16
Laureen Yungmeyer - State Farm Insurance,Money & Professional Services,Insurance agency,"Money, professional and real estate",Scotts Valley,230-F Mount Hermon Road,no,,"Scotts Valley, Boulder Creek, Felton, and Ben Lomond",https://laureenyungmeyer.com/insurance,831-423-4700,2026-07-16
Liberty Bank - Boulder Creek,Money & Professional Services,Community bank branch,"Money, professional and real estate",Boulder Creek,13233 Highway 9,no,,San Lorenzo Valley,https://www.libertybk.com/,831-338-6477,2026-07-22
O'Brien & Company,Money & Professional Services,Bookkeeping,"Money, professional and real estate",Scotts Valley,552 Bean Creek Road #139,no,,"Scotts Valley, Felton, Ben Lomond, and Santa Cruz",https://www.obandcompany.com/,831-438-7535,2026-07-16
Shandra Hunt Mobile Notary,Money & Professional Services,Mobile notary,"Money, professional and real estate",Boulder Creek,,yes,,"San Lorenzo Valley, Scotts Valley, and Santa Cruz County",https://santacruzmobilenotary.biz/,831-334-0748,2026-07-16
SLV Bookkeeping,Money & Professional Services,Bookkeeping,"Money, professional and real estate",San Lorenzo Valley,,yes,,San Lorenzo Valley and Santa Cruz County,https://www.instagram.com/slvbookkeeping/,,2026-07-17
"SLV Tax (Virginia Justus, EA)",Money & Professional Services,Tax preparation,"Money, professional and real estate",Ben Lomond,,yes,,San Lorenzo Valley,https://www.slvtax.com,,2026-07-16
"Superior Tax Service (Allan R. Polus, EA)",Money & Professional Services,Tax preparation,"Money, professional and real estate",Boulder Creek,12615 Highway 9,no,,Boulder Creek and the San Lorenzo Valley,https://taxexperts.naea.org/listing/allan-polus-5628a596ed750.html,831-338-2222,2026-07-16
"Timothy Imbrie, CPA MBA",Money & Professional Services,CPA firm,"Money, professional and real estate",Scotts Valley,"4340 Scotts Valley Drive, Suite G",no,,"Scotts Valley and Santa Cruz County, including the San Lorenzo Valley",https://imbriecpa.com/,831-438-4122,2026-07-16
Barbara Day Park (Dam Park),Parks & Recreation,River park,Parks and recreation,Boulder Creek,,no,,Boulder Creek Recreation and Park District,https://www.bcrpd.org/parks,(831) 338-4144,2026-07-15
Big Basin Redwoods State Park,Parks & Recreation,State park and redwood trails,Parks and recreation,Boulder Creek,20161 Big Basin Way,no,,Santa Cruz Mountains,https://www.parks.ca.gov/?page_id=540,(831) 338-8860,2026-07-15
Boulder Creek Golf & Country Club,Parks & Recreation,Golf course,Parks and recreation,Boulder Creek,16901 Big Basin Highway,no,,Boulder Creek and visiting golfers,https://www.bouldercreekgolf.com/,(831) 338-2111,2026-08-08
Boulder Creek Recreation & Park District,Parks & Recreation,Recreation district and community center,Parks and recreation,Boulder Creek,13333 Middleton Avenue,no,,Boulder Creek Recreation and Park District,https://www.bcrpd.org/,(831) 338-4144,2026-07-15
Camp Harmon,Parks & Recreation,Accessible camp and recreation program,Parks and recreation,Boulder Creek,16403 Highway 9,no,,Program participants and families,https://www.campharmon.org/,(831) 338-3383,2026-07-15
Garrahan Park,Parks & Recreation,Community park and sports field,Parks and recreation,Boulder Creek,15555 Highway 9,no,,Boulder Creek Recreation and Park District,https://www.bcrpd.org/parks,(831) 338-4144,2026-07-15
Junction Park,Parks & Recreation,River park and picnic area,Parks and recreation,Boulder Creek,Middleton Avenue at Railroad Avenue,no,,Boulder Creek Recreation and Park District,https://www.bcrpd.org/parks,(831) 338-4144,2026-07-15
Redwood Canopy Tour (Mount Hermon Adventures),Parks & Recreation,Zipline canopy tour,Parks and recreation,Felton,17 Conference Drive,no,,San Lorenzo Valley / Santa Cruz County,https://mounthermonadventures.com/rct,831-430-4357,2026-07-17
Roaring Camp Railroads,Parks & Recreation,Heritage railroad & attraction,Parks and recreation,Felton,5401 Graham Hill Road,no,,San Lorenzo Valley / Santa Cruz County,https://www.roaringcamp.com/,831-335-4484,2026-07-17
YMCA Camp Campbell,Parks & Recreation,Youth and family camp,Parks and recreation,Boulder Creek,16275 Highway 9,no,,"Youth, families, schools, and retreat groups",https://www.ymcasv.org/camp-campbell,(831) 338-2128,2026-07-15
A to Z Party Rental,Party Rentals & Decor,Event rentals,"Weddings, parties and events",Santa Cruz,,yes,,Santa Cruz County and the Central Coast,https://a2zpartyrental.com/,,2026-07-17
Aesthetic Events & Co.,Party Rentals & Decor,Balloon decor and party rentals,"Weddings, parties and events",Santa Cruz,,yes,,Santa Cruz County,https://aestheticeventsofsc.com/,,2026-07-17
Alexis Party Rental,Party Rentals & Decor,Event rentals,"Weddings, parties and events",Santa Cruz,,yes,,Santa Cruz County,https://alexispartyrental.com/,,2026-07-17
Astro Jump of Santa Cruz,Party Rentals & Decor,Bounce house and party rentals,"Weddings, parties and events",Santa Cruz,,yes,,Santa Cruz County,https://astrojump.com/santacruz,831-475-5055,2026-07-17
Bash Works,Party Rentals & Decor,Bounce houses and balloon decor,"Weddings, parties and events",Santa Cruz,,yes,,Santa Cruz County,https://www.thebashworks.com/,831-234-0530,2026-07-17
Chic Event Rentals,Party Rentals & Decor,Event rentals,"Weddings, parties and events",Santa Cruz,,yes,,Monterey and Santa Cruz counties,https://chiceventrentals.com/,,2026-07-17
Luzovich Celebrations,Party Rentals & Decor,Balloon styling and party decor,"Weddings, parties and events",San Lorenzo Valley,,yes,,"Santa Cruz County, including Boulder Creek and the San Lorenzo Valley",https://www.instagram.com/luzovichcelebrations/,831-818-5407,2026-07-17
Boulder Creek Veterinary Clinic,Pets & Animals,Veterinary clinic,Pets and animals,Boulder Creek,12870 Highway 9,no,,Boulder Creek and surrounding communities,https://bouldercreekveterinaryclinic.com/,831-338-7205,2026-07-15
Camp Happy Tails,Pets & Animals,Pet boarding and sitting,Pets and animals,Felton,,yes,,San Lorenzo Valley,https://happytailspetsit.com/,831-247-8245,2026-07-16
Dapper Dogs & Divas,Pets & Animals,Pet grooming,Pets and animals,Felton,"6144 Highway 9, Unit B",no,,Felton and the San Lorenzo Valley,https://www.facebook.com/DapperDogsandDivas/,831-216-6462,2026-07-16
Felton Veterinary Hospital,Pets & Animals,Veterinary clinic and boarding,Pets and animals,Felton,5996 Highway 9,no,,Felton and the San Lorenzo Valley,https://www.feltonveterinaryhospital.com/,831-335-3466,2026-07-16
Fintastic Fish,Pets & Animals,Aquarium and fish store,Pets and animals,Scotts Valley,"224 Mt Hermon Rd, Ste C",no,,San Lorenzo Valley and Santa Cruz County,https://www.fintasticfishstore.com/,831-316-3424,2026-07-17
Mountain Paw Spa,Pets & Animals,Pet grooming,Pets and animals,Ben Lomond,,yes,,Ben Lomond and the San Lorenzo Valley,https://mountain-paw-spa.square.site/,831-266-7998,2026-07-17
Pet Shop Santa Cruz,Pets & Animals,"Pet store (reptiles, fish, feeders)",Pets and animals,Santa Cruz,,no,,Santa Cruz County,https://petshopsantacruz.com/,831-429-1242,2026-07-17
Sirius K9 Training,Pets & Animals,Dog training,Pets and animals,Boulder Creek,,yes,,Santa Cruz County,https://www.siriusk9-training.com/,408-805-4583,2026-07-17
Apollo Plumbing,Plumbing & HVAC,Plumbing,Building and maintaining property,Boulder Creek,,yes,"CSLB #1122739 (active, C-36)",Boulder Creek and Santa Cruz County,https://apolloplumbing831.com/,831-251-0931,2026-07-15
"Collins Coastal Plumbing, Inc.",Plumbing & HVAC,Plumbing,Building and maintaining property,Ben Lomond,,yes,"CSLB #1004212 (active, C-36)",,https://www.collinscoastal.com/,831-239-2870,2026-07-16
Herranen Heating & Air,Plumbing & HVAC,Heating and air conditioning (HVAC),Building and maintaining property,Ben Lomond,,yes,"CSLB #814852 (active, C-20)",,,831-247-9102,2026-07-16
Hwy 9 Plumbing,Plumbing & HVAC,Plumbing,Building and maintaining property,Boulder Creek,,yes,"CSLB #1045811 (active, C-36)",,,831-610-8147,2026-07-16
J Fisher Plumbing,Plumbing & HVAC,Plumbing,Building and maintaining property,Felton,,yes,"CSLB #985600 (active, C-36)",,,831-345-5316,2026-07-17
NorCal HVAC,Plumbing & HVAC,Heating and air conditioning (HVAC),Building and maintaining property,Soquel,,yes,"CSLB #1126623 (active, C-20)",,,831-706-6178,2026-07-17
"Travis Martin Plumbing, Inc.",Plumbing & HVAC,Plumbing and water heaters,Building and maintaining property,Boulder Creek,"6185 Graham Hill Rd, Felton",no,"CSLB #1048423 (active, C-36)",,https://www.santacruzcaplumber.com/,831-461-4300,2026-07-22
"Wade's, Inc.",Plumbing & HVAC,Plumbing,Building and maintaining property,Ben Lomond,,yes,"CSLB #1087260 (active, C-36, C-42)",,,831-225-4344,2026-07-16
Zephyr Climate Solutions,Plumbing & HVAC,Heating and air conditioning (HVAC),Building and maintaining property,Felton,,yes,"CSLB #1072237 (active, C-20)",,https://zephyrclimatesolutions.com/,831-227-8186,2026-07-16
CENTURY 21 Masters - Boulder Creek,Real Estate,Real estate brokerage,"Money, professional and real estate",Boulder Creek,13117 Highway 9,no,,San Lorenzo Valley and Santa Cruz County,https://c21masters.com/offices/,831-338-2125,2026-07-15
Houdesheldt Traditional Team,Real Estate,Residential real estate team,"Money, professional and real estate",Boulder Creek,13117 Highway 9,no,,San Lorenzo Valley and Santa Cruz Mountains,https://www.facebook.com/SheriHoudesheldtRealtor/,831-281-6354,2026-07-22
Schwarzbach Associates,Real Estate,Real estate brokerage,"Money, professional and real estate",Boulder Creek,13335 Highway 9,no,,"Boulder Creek, San Lorenzo Valley, and Santa Cruz County",https://www.schwarzbachassociatesinc.com/,831-338-2171,2026-07-15
Adventure Gift Store,Shopping,Online gift shop,Shopping and errands,Boulder Creek,,no,,Online,https://adventuregift.store/,,2026-07-22
Air & Fire: A Mystical Bazaar,Shopping,Gifts and metaphysical goods,Shopping and errands,Boulder Creek,13150 Highway 9,no,,Boulder Creek,https://www.airandfire.com/home.html,831-338-7567,2026-07-15
Beck's Shoes - Boulder Creek,Shopping,Footwear,Shopping and errands,Boulder Creek,12550 Highway 9,no,,Boulder Creek and the Santa Cruz Mountains,https://www.beckshoes.com/stores/boulder-creek-ca-boulder-creek,831-703-4307,2026-08-06
Boulder Creek Antiques at Mac's Place,Shopping,Multi-vendor antique store,Shopping and errands,Boulder Creek,13164 Highway 9,no,,Boulder Creek,https://www.facebook.com/bouldercreekantiquesatmacsplace/,831-217-5060,2026-07-22
Boulder Creek Pharmacy,Shopping,Pharmacy,Shopping and errands,Boulder Creek,13081 Central Avenue,no,,Boulder Creek and the San Lorenzo Valley,https://www.bouldercreekrx.com/,831-338-2144,2026-07-15
Creekside Wellness,Shopping,Cannabis dispensary,Shopping and errands,Boulder Creek,12603 Highway 9,no,,Boulder Creek and surrounding communities,https://creeksidewellness.co/,831-338-3840,2026-07-15
Ginia's Gems,Shopping,Handmade jewelry and gifts,Shopping and errands,Boulder Creek,13133 Highway 9,no,,Boulder Creek,https://www.giniasgems.com/,831-332-3681,2026-07-22
Good Vibes Boulder Creek,Shopping,Lifestyle boutique,Shopping and errands,Boulder Creek,13124 Highway 9,no,,Boulder Creek,https://goodvibesbc.com/,408-829-1578,2026-08-16
San Lorenzo Lumber & Home,Shopping,Lumber & hardware / home center,Shopping and errands,Felton,5843 Graham Hill Road,no,,San Lorenzo Valley,https://sanlorenzolumber.com/,831-335-4423,2026-07-17
Scarborough Building Supply,Shopping,Lumber and building materials,Shopping and errands,Boulder Creek,12990 Highway 9,no,,Boulder Creek and surrounding mountain communities,https://www.scarboroughlumber.com/pages/scarborough-building-supply,831-338-6467,2026-07-15
Scarborough Home & Garden,Shopping,Hardware and garden,Shopping and errands,Boulder Creek,13110 Highway 9,no,,Boulder Creek and surrounding mountain communities,https://www.scarboroughlumber.com/pages/scarborough-home-garden,831-610-8187,2026-07-15
Stumptown Supply,Shopping,Local apparel and gifts,Shopping and errands,Boulder Creek,,no,,United States shipping; local pickup availability varies,https://www.stumptownsupply.com/,,2026-07-15
SWAG,Shopping,"Vintage, music, and local gifts",Shopping and errands,Boulder Creek,13026 Highway 9,no,,Boulder Creek,https://www.swagbouldercreek.com/,831-295-9191,2026-08-05
The Abbot's Thrift,Shopping,Thrift store,Shopping and errands,Felton,6164 Highway 9,no,,San Lorenzo Valley and Santa Cruz County,https://theabbotsthrift.org/,831-335-0606,2026-07-17
Wild Lilith,Shopping,Fashion and vintage boutique,Shopping and errands,Boulder Creek,13120 Highway 9,no,,Boulder Creek,https://www.instagram.com/wildlilithbc/,831-970-1926,2026-08-16
Enterprise Sports Club,Sports & Fitness,Athletic club,"Beauty, health and fitness",Scotts Valley,"100 Enterprise Way, Suite G100",no,,Scotts Valley and surrounding communities,https://www.enterprisesportsclub.com/,831-920-0912,2026-07-17
Lone Wolf Kenpo Academy,Sports & Fitness,Martial arts school,"Beauty, health and fitness",Boulder Creek,13089 Highway 9,no,,Boulder Creek and the San Lorenzo Valley,https://www.karatebouldercreek.com/,831-703-4372,2026-08-07
MADabolic Scotts Valley,Sports & Fitness,Gym,"Beauty, health and fitness",Scotts Valley,"262 Mount Hermon Road, Suite 101",no,,Scotts Valley and surrounding communities,https://madabolic.com/ca/scotts-valley/,831-202-5234,2026-07-17
Oakstrong Martial Arts,Sports & Fitness,Martial arts,"Beauty, health and fitness",Felton,6191 Highway 9 (Felton Community Hall),no,,Felton and the San Lorenzo Valley,https://www.oakstrong.net/oakstrong-martial-arts-tang-soo-do-karate-classes-in-santa-cruz/,,2026-07-16
San Lorenzo Valley Martial Arts,Sports & Fitness,Martial arts,"Beauty, health and fitness",Felton,"6116 Highway 9, Suite 2B",no,,Felton and the San Lorenzo Valley,https://www.facebook.com/slvmartialarts,831-704-7924,2026-07-16
SCM Community Fitness,Sports & Fitness,Gym,"Beauty, health and fitness",Felton,6500 Highway 9,no,,Felton and the San Lorenzo Valley,https://www.scmcf831.com/,831-334-0264,2026-07-16
Scotts Valley Gym,Sports & Fitness,Gym,"Beauty, health and fitness",Scotts Valley,105 Whispering Pines Drive,no,,Scotts Valley and the San Lorenzo Valley,https://scottsvalleygym.com/,831-332-5555,2026-07-16
Toadal Fitness Scotts Valley,Sports & Fitness,Gym,"Beauty, health and fitness",Scotts Valley,269 Mount Hermon Road,no,,Scotts Valley and surrounding communities,https://www.toadalfitness.com/scotts-valley,831-430-9200,2026-07-16
Treetop Pilates & Wellness,Sports & Fitness,Classical pilates studio,"Beauty, health and fitness",Boulder Creek,"13350 West Park Avenue, Unit A1",no,,San Lorenzo Valley,https://treetoppilates.wordpress.com/,831-419-0202,2026-07-24
Community Bridges Lift Line,Transportation,Senior & Disability Transportation,Cars and getting around,Watsonville,545 Ohlone Parkway,no,,"Santa Cruz County, including Boulder Creek",https://communitybridges.org/liftline/,831-688-9663,2026-07-15
METRO ParaCruz,Transportation,ADA Paratransit,Cars and getting around,Soquel,"2880 Research Park Drive, Suite 160",no,,"METRO ADA service area, including eligible SLV trips",https://scmtd.com/en/metro-paracruz/customer-guide,831-425-4664,2026-07-15
Santa Cruz METRO,Transportation,Public Bus Service,Cars and getting around,Santa Cruz,603 Front Street,no,,"Santa Cruz County, including Boulder Creek",https://scmtd.com/,831-425-8600,2026-07-15
Christianson Tree Experts,Tree Care & Defensible Space,Tree care,Building and maintaining property,Boulder Creek,13041 Pine Street,no,"CSLB #826077 (active, C-61/D49)",Boulder Creek and Santa Cruz County,https://christiansontreeexperts.com/,831-338-6984,2026-07-15
Klus Services,Tree Care & Defensible Space,Tree work and property maintenance,Building and maintaining property,Boulder Creek,,no,,San Lorenzo Valley,https://www.facebook.com/KlusServices,669-268-6000,2026-07-22
Stellar Tree Care,Tree Care & Defensible Space,Tree care and fire mitigation,Building and maintaining property,Boulder Creek,,yes,,Boulder Creek and the Santa Cruz Mountains,https://www.stellartreecare.com/,831-227-5414,2026-07-15
Sunderland Tree Service,Tree Care & Defensible Space,Tree care and defensible space,Building and maintaining property,Boulder Creek,,yes,,Boulder Creek and the Santa Cruz Mountains,https://sunderlandtree.com/,831-338-2197,2026-07-15
Travis Tree Professionals,Tree Care & Defensible Space,Tree care,Building and maintaining property,Boulder Creek,,yes,"CSLB #1012641 (active, C-61/D49)",Boulder Creek and the San Lorenzo Valley,https://www.travistreeprofessionals.com/,831-338-6361,2026-07-15
GreenWaste Recovery - Santa Cruz County,Utilities & Essential Services,"Garbage, Recycling & Organics","Civic, emergency and community",Santa Cruz County,,no,,"Unincorporated County, including Boulder Creek",https://www.greenwaste.com/service-areas/santa-cruz-county/,831-426-2711,2026-07-15
Pacific Gas and Electric Company,Utilities & Essential Services,Electricity & Gas,"Civic, emergency and community",Northern and Central California,,no,,"PG&E territory, including Boulder Creek",https://www.pge.com/,877-660-6789,2026-07-15
San Lorenzo Valley Water District,Utilities & Essential Services,Water Service,"Civic, emergency and community",Boulder Creek,13060 Highway 9,no,,SLVWD customers,https://www.slvwd.com/,831-338-2153,2026-07-15
Big Basin Vineyards,Vineyards & Wine Tasting,"Winery, tasting room and events",Wineries and lodging,Boulder Creek,830 Memory Lane,no,,,https://www.bigbasinvineyards.com/,(831) 515-7278,2026-07-17
Burrell School Vineyards & Winery,Vineyards & Wine Tasting,Winery and tasting room,Wineries and lodging,Los Gatos,24060 Summit Road,no,,,https://burrellschool.com/,(408) 353-6290,2026-07-17
Byington Vineyard & Winery,Vineyards & Wine Tasting,Winery and tasting room,Wineries and lodging,Los Gatos,21850 Bear Creek Road,no,,,https://byington.com/,(408) 354-1111,2026-07-17
David Bruce Winery,Vineyards & Wine Tasting,Winery and tasting room,Wineries and lodging,Los Gatos,21439 Bear Creek Road,no,,,https://www.davidbrucewinery.com/,(408) 399-5807,2026-07-17
Griffin Hill Vineyards,Vineyards & Wine Tasting,"Winery, by appointment",Wineries and lodging,Los Gatos,,yes,,,https://www.griffinhillvineyards.com/,(650) 799-3327,2026-07-17
Hallcrest Vineyards,Vineyards & Wine Tasting,Winery & tasting room,Wineries and lodging,Felton,379 Felton Empire Road,no,,San Lorenzo Valley,https://www.hallcrestvineyards.com/,831-335-4441,2026-07-17
Lago Lomita Vineyards,Vineyards & Wine Tasting,"Winery and event venue, tasting by appointment",Wineries and lodging,Los Gatos,25200 Loma Prieta Avenue,no,,,https://www.lagolomita.com/,(408) 802-8752,2026-07-17
Loma Prieta Winery,Vineyards & Wine Tasting,Winery and tasting room,Wineries and lodging,Los Gatos,,no,,,https://lomaprietawinery.com/,,2026-07-17
Muccigrosso Vineyards,Vineyards & Wine Tasting,"Winery, no public tasting room",Wineries and lodging,Los Gatos,,yes,,,https://www.muccigrosso.com/,,2026-07-17
Muns Vineyard,Vineyards & Wine Tasting,"Winery, by appointment",Wineries and lodging,Los Gatos,,yes,,,https://www.munsvineyard.com/,(408) 234-2079,2026-07-17
A Paper Flower Wedding,Wedding Services,Day-of wedding coordination and paper florals,"Weddings, parties and events",Santa Cruz,,yes,,Santa Cruz County,https://apaperflowerwedding.com/,,2026-07-17
aSantaCruzDJ,Wedding Services,Wedding DJ,"Weddings, parties and events",Santa Cruz,,yes,,Santa Cruz County and Northern California,http://www.asantacruzdj.com/,,2026-07-17
Cristal Stephani Makeup Artist,Wedding Services,Wedding makeup,"Weddings, parties and events",Santa Cruz,,yes,,Santa Cruz County and the Bay Area,https://www.cristalstephani.com/,,2026-07-17
DJ Warwick,Wedding Services,Wedding DJ,"Weddings, parties and events",Ben Lomond,,yes,,"Santa Cruz County, including the San Lorenzo Valley",https://djwarwick.com/,,2026-07-17
Elope Santa Cruz and Monterey Bay,Wedding Services,Wedding officiant,"Weddings, parties and events",Santa Cruz,,yes,,"Santa Cruz, Monterey, and Big Sur",https://elopesantacruz.com/,,2026-07-17
ICON DJ,Wedding Services,Wedding DJ,"Weddings, parties and events",Santa Cruz,,yes,,"Santa Cruz County, including Felton and Scotts Valley",https://icondj.com/,,2026-07-17
Kala Ketchum Makeup & Hair,Wedding Services,Wedding hair and makeup,"Weddings, parties and events",Santa Cruz,,yes,,Santa Cruz County and the Bay Area,https://www.kalaketchum.com/,,2026-07-17
Santa Cruz DJ Company,Wedding Services,DJ and MC services,"Weddings, parties and events",Scotts Valley,4404 Scotts Valley Drive,no,,"Santa Cruz, Monterey, and San Luis Obispo counties",https://www.santacruzdj.com/,831-425-2048,2026-07-17
Maggiora Bros. Drilling,Well & Pump / Water,Well drilling and pump service,Building and maintaining property,Watsonville,595 Airport Boulevard,no,"CSLB #249957 (active, C-8, C-12, C-42, C-57)",Santa Cruz County; confirm mountain coverage for a specific job,http://maggiorabros.com/,831-724-1338,2026-07-16
Tavares Plumbing and Pumps,Well & Pump / Water,Well and pump service,Building and maintaining property,San Jose,,yes,"CSLB #1100508 (active, C-36, C-57)","San Lorenzo Valley, including Boulder Creek, Ben Lomond, and Felton",https://tavareswellpumps.com/,650-879-8113,2026-07-16
