id,title,employer,source,category,work_mode,geography_tier,city,state,commute_minutes,salary_text,salary_disclosed,pay_basis,pay_low,pay_high,pay_used_in_stats,first_seen,url
028d98938bc15cfe1dd6c0e86c8c3fe57cfbb0aa,ASSISTANT HUMAN RESOURCES ANALYST,Human Resources,County of Santa Cruz,Office & Admin,on-site,core,Santa Cruz,CA,30,"$82,971 - $111,114 Annually",yes,year,82971,111114,yes,2026-08-05,https://www.jobapscloud.com/SCRUZ/sup/bulpreview.asp?b=&R1=26&R2=VE4&R3=01
00f79fc05601892eca9fee38d7d6bc978b99b187,Emergency Dispatcher/Clerk I,Police Dept,City of Scotts Valley,Public Safety,on-site,core,Scotts Valley,CA,20,"$66,888.00 - $89,652.00 Annually",yes,year,66888,89652,yes,2026-08-05,https://www.governmentjobs.com/careers/scottsvalley/jobs/4699826/emergency-dispatcher-clerk-i
4629efc05d15c002a36e7518422ab7434a81c751,Police Officer - Entry Level,Police Dept,City of Scotts Valley,Public Safety,on-site,core,Scotts Valley,CA,20,"$101,280.00 - $135,732.00 Annually",yes,year,101280,135732,yes,2026-08-05,https://www.governmentjobs.com/careers/scottsvalley/jobs/4606340/police-officer-entry-level
7dfc06e5df3c6d89a66e6b36dacd002d1aaf6af5,Police Officer - Lateral,Police Dept,City of Scotts Valley,Public Safety,on-site,core,Scotts Valley,CA,20,"$101,280.00 - $135,732.00 Annually",yes,year,101280,135732,yes,2026-08-05,https://www.governmentjobs.com/careers/scottsvalley/jobs/4642163/police-officer-lateral
4fea00245042d84056f89947f9e816da26e01ba2,Reserve Officer,Police Dept,City of Scotts Valley,Public Safety,on-site,core,Scotts Valley,CA,20,$200.00 Monthly,yes,month,200,200,no,2026-08-05,https://www.governmentjobs.com/careers/scottsvalley/jobs/4772399/reserve-officer
7e4fe8e78fec955a3f13215968c8ddfdb053b8ed,Paid Call Firefighter,Central Fire District,Central Fire District,Public Safety,on-site,core,Santa Cruz,CA,30,,no,,,,,2026-08-05,https://www.calopps.org/central-fire-district-of-santa-cruz-county/job-20759270
d29e076d15dc3af2cb0793c62cb280e2e5c6471b,Community Health Worker (CHW) - Associate Instructor,Cabrillo College,Santa Cruz County schools (EDJOIN),Education,on-site,core,Aptos,CA,40,"1,665 - 2,556 Stipend",yes,stipend,1665,2556,yes,2026-08-05,https://www.edjoin.org/Home/JobPosting/2259224
c17b4fa248233591eb6f852608f2a5f3b7d8ca55,Program Coordinator - Learning Communities Center (LCC),Cabrillo College,Santa Cruz County schools (EDJOIN),Education,on-site,core,Aptos,CA,40,"5,394 - 6,245 Monthly",yes,month,5394,6245,yes,2026-08-05,https://www.edjoin.org/Home/JobPosting/2259223
a5b5cf676f6c76f6882d8a4bdff18a46e3a33db9,2nd Grade Teacher - Watsonville Charter School of the Arts,Pajaro Valley Unified School District,Santa Cruz County schools (EDJOIN),Education,on-site,extended,Watsonville,CA,50,"$58,520 - $97,574 + $2,142 Master's Stipend if applicable",yes,year,58520,97574,yes,2026-08-05,https://www.edjoin.org/Home/JobPosting/2259073
f7032f282d5ff23533907725872aac386f9e5b37,Paraeducator & Yard Duty - 18.75 hrs. - Bay View Elementary,Santa Cruz City Schools,Santa Cruz County schools (EDJOIN),Education,on-site,core,Santa Cruz,CA,30,17.65 - 19.49 Per Hour,yes,hour,17.65,19.49,yes,2026-08-05,https://www.edjoin.org/Home/JobPosting/2259079
59e52d2af9a5186c001373826a4724ad1ef07eb5,Office Assistant - District Office - 30 hrs. - Benefits Included,Santa Cruz City Schools,Santa Cruz County schools (EDJOIN),Office & Admin,on-site,core,Santa Cruz,CA,30,$18.57 - $20.45 Per Hour,yes,hour,18.57,20.45,yes,2026-08-05,https://www.edjoin.org/Home/JobPosting/2259146
0f5b2aaa5995e12c41e10bdeb7be2eae6066f360,"26/27 School Year, SIGNING BONUS $7,000 - Special Education -Autism Teacher- Landmark Elementary",Pajaro Valley Unified School District,Santa Cruz County schools (EDJOIN),Education,on-site,extended,Watsonville,CA,50,"$58,520 - $97,574 + $2,142 Masters Stipend",yes,year,58520,97574,yes,2026-08-05,https://www.edjoin.org/Home/JobPosting/2259091
a0153307e8af5b1dbbaea61610cf96e8debc5d0b,"26/27 School Year, SIGNING BONUS $7,000 - Special Education -Mild Moderate - Landmark Elementary School",Pajaro Valley Unified School District,Santa Cruz County schools (EDJOIN),Education,on-site,extended,Watsonville,CA,50,"$58,520 - $97,574 + $2,142 Masters Stipend",yes,year,58520,97574,yes,2026-08-05,https://www.edjoin.org/Home/JobPosting/2259088
49c061394f63c779a15bed6660a8c9e18c13037c,5th Grade Bilingual Teacher - Alianza,Pajaro Valley Unified School District,Santa Cruz County schools (EDJOIN),Education,on-site,extended,Watsonville,CA,50,"$58,520 - $97,574 + $2,142 Master's Stipend if applicable",yes,year,58520,97574,yes,2026-08-05,https://www.edjoin.org/Home/JobPosting/2258663
db9054335a97b39c23773b4bdeaf57275fec4478,3rd Grade Bilingual Teacher - Mintie White,Pajaro Valley Unified School District,Santa Cruz County schools (EDJOIN),Education,on-site,extended,Watsonville,CA,50,"$58,520 - $97,574 + $2,142 Master's Stipend if applicable",yes,year,58520,97574,yes,2026-08-05,https://www.edjoin.org/Home/JobPosting/2258662
1ef187e6cde7b688ecce6956475d09907db27730,Yard Duty Supervisor- Substitute Opportunities,Pajaro Valley Unified School District,Santa Cruz County schools (EDJOIN),Education,on-site,extended,Watsonville,CA,50,$16.90 Per Hour,yes,hour,16.90,16.90,yes,2026-08-05,https://www.edjoin.org/Home/JobPosting/2258399
884cad85800ee0925fffd530ab6df52abfc025a1,"DIRECTOR, FISCAL SERVICES",Pajaro Valley Unified School District,Santa Cruz County schools (EDJOIN),Education,on-site,extended,Watsonville,CA,50,"$151,756 - $181,205 Annually",yes,year,151756,181205,yes,2026-08-05,https://www.edjoin.org/Home/JobPosting/2258333
7b7fe4d1bc1ead15376275101c87b51a8cc47d49,Paraeducator - Academic Intervention (Bilingual) - Costanoa - 19 hrs,Santa Cruz City Schools,Santa Cruz County schools (EDJOIN),Education,on-site,core,Santa Cruz,CA,30,21.56 - 23.75 Per Hour,yes,hour,21.56,23.75,yes,2026-08-05,https://www.edjoin.org/Home/JobPosting/2258081
1bad3658fd3e4e1dcf44b6436d774319dff2bd0d,Paraprofessional,Pacific Collegiate Charter School,Santa Cruz County schools (EDJOIN),Education,on-site,core,Santa Cruz,CA,30,Employees new to this role generally start at $22.01 per hour (Range $22.01-37.98 based on experience),yes,hour,22.01,37.98,yes,2026-08-05,https://www.edjoin.org/Home/JobPosting/2258447
fa23b0d9148db717efa7a3896333bc10419f4c45,Baseball Varsity - Soquel School,Santa Cruz City Schools,Santa Cruz County schools (EDJOIN),Education,on-site,core,Santa Cruz,CA,30,"$3,595 Stipend",yes,stipend,3595,3595,yes,2026-08-05,https://www.edjoin.org/Home/JobPosting/2258358
dbe559db52b5523edbdb33789da156766493ef1d,DISTRICT TECHNOLOGY SUPPORT TECHNICIAN- TEMPORARY,Pajaro Valley Unified School District,Santa Cruz County schools (EDJOIN),Education,on-site,extended,Watsonville,CA,50,$31.63 Per Hour,yes,hour,31.63,31.63,yes,2026-08-05,https://www.edjoin.org/Home/JobPosting/2258557
13a1b12ecea5d2d7e0458d45ceb0806a072c87e4,SITE TECHNOLOGY SUPPORT TECHNICIAN- TEMPORARY,Pajaro Valley Unified School District,Santa Cruz County schools (EDJOIN),Education,on-site,extended,Watsonville,CA,50,$29.38 Per Hour,yes,hour,29.38,29.38,yes,2026-08-05,https://www.edjoin.org/Home/JobPosting/2258579
bd2b9d10a63fb15392cd7a6cbab6262a0dd7d0a6,"Director, Library and Learning Resources",Cabrillo College,Santa Cruz County schools (EDJOIN),Education,on-site,core,Aptos,CA,40,,no,,,,,2026-08-05,https://www.edjoin.org/Home/JobPosting/2258098
8821cfa94820a3ecf91e779ce2d4355d5be7c5a0,Paraeducator - Special Education 25 hrs. - Westlake Elementary - 2 Positions Available,Santa Cruz City Schools,Santa Cruz County schools (EDJOIN),Education,on-site,core,Santa Cruz,CA,30,21.56 - 23.75 Per Hour,yes,hour,21.56,23.75,yes,2026-08-05,https://www.edjoin.org/Home/JobPosting/2258183
ccb15e07e687ee210e3de11eba8acd44f1d1741e,"Transitional Kindergarten (TK) Instructional Aide, General Education Pool (Temporary 26/27 School Year Only, Itinerant)",Soquel Union Elementary School District,Santa Cruz County schools (EDJOIN),Education,on-site,core,Capitola,CA,35,$18.67 - $23.81 Per Hour,yes,hour,18.67,23.81,yes,2026-08-05,https://www.edjoin.org/Home/JobPosting/2258449
7a8731d6627fe093689e149a090d75b4c0f1916e,Assistant Teacher,Santa Cruz Montessori School,Santa Cruz County schools (EDJOIN),Education,on-site,core,Aptos,CA,40,$24.00 - $28.00 Per Hour,yes,hour,24,28,yes,2026-08-05,https://www.edjoin.org/Home/JobPosting/2258409
8d8cb4c2ef175deaaff5193aab133307e4a90e97,Baseball Junior Varsity - Soquel High School,Santa Cruz City Schools,Santa Cruz County schools (EDJOIN),Education,on-site,core,Santa Cruz,CA,30,"$2,923 Stipend",yes,stipend,2923,2923,yes,2026-08-05,https://www.edjoin.org/Home/JobPosting/2258356
c8f7ba4e384660c42f02a8c82d905596d8d05c8d,DISTRICT TECHNOLOGY SUPPORT TECHNICIAN,Pajaro Valley Unified School District,Santa Cruz County schools (EDJOIN),Education,on-site,extended,Watsonville,CA,50,"$5,504 - $7,023 Monthly",yes,month,5504,7023,yes,2026-08-05,https://www.edjoin.org/Home/JobPosting/2257445
412828fee1de675ce9bd3e899a1c7d31d4db6e97,Substitute Teacher,Gateway School,Santa Cruz County schools (EDJOIN),Education,on-site,core,Santa Cruz,CA,30,$25.00 Per Hour,yes,hour,25,25,yes,2026-08-05,https://www.edjoin.org/Home/JobPosting/2134737
9ad4ce433eb73182f14e344ba865854829bbb360,Payroll Technician - 40 hrs - 12 months - Finance - District Office,Santa Cruz City Schools,Santa Cruz County schools (EDJOIN),Office & Admin,on-site,core,Santa Cruz,CA,30,$25.59 - $28.17 Per Hour,yes,hour,25.59,28.17,yes,2026-08-05,https://www.edjoin.org/Home/JobPosting/2257656
3612c7218038d124b2a52e24104f2575c95eacee,ADMINISTRATIVE SECRETARY II - Bilingual Preferred,Pajaro Valley Unified School District,Santa Cruz County schools (EDJOIN),Office & Admin,on-site,extended,Watsonville,CA,50,"$3,708 - $4,735 Monthly",yes,month,3708,4735,yes,2026-08-05,https://www.edjoin.org/Home/JobPosting/2257949
2df7dc402178431c0537821e8533f7dc6e7f0083,Social Science Teacher - Watsonville High School,Pajaro Valley Unified School District,Santa Cruz County schools (EDJOIN),Education,on-site,extended,Watsonville,CA,50,"$58,520 - $97,574 Annually",yes,year,58520,97574,yes,2026-08-05,https://www.edjoin.org/Home/JobPosting/2257444
8b5fce0d55d4ddde0e66f2adf2ca7c11d7ce9276,"Child Development Teacher, Site Supervisor",Live Oak Elementary School District,Santa Cruz County schools (EDJOIN),Education,on-site,core,Santa Cruz,CA,30,"$38,135 - $92,470 Annually",yes,year,38135,92470,yes,2026-08-05,https://www.edjoin.org/Home/JobPosting/2257071
920f1b093eed5cae54956b09f8893799b37f08f4,Preschool Teacher,Live Oak Elementary School District,Santa Cruz County schools (EDJOIN),Education,on-site,core,Santa Cruz,CA,30,"$44,663 - $74,700 Annually",yes,year,44663,74700,yes,2026-08-05,https://www.edjoin.org/Home/JobPosting/2257069
c232cdddd75b70d9ce4c6dcf2d9be64521128d94,"Temporary Part Time .20 FTE Elementary Music, Dance or Theater Teacher",Happy Valley Elementary,Santa Cruz County schools (EDJOIN),Education,on-site,core,Santa Cruz,CA,30,"$10,896.60 - $19,728.40 Annually",yes,year,10896.60,19728.40,yes,2026-08-05,https://www.edjoin.org/Home/JobPosting/2224135
4a2635dfb3f5c8c868dc094845751b13c7b0375d,"Substitute/Temporary/On-call - Project Specialist, Early Childhood (Bilingual English/Spanish Required)",Santa Cruz County Office Of Education,Santa Cruz County schools (EDJOIN),Education,on-site,core,Santa Cruz,CA,30,$31.97 Per Hour,yes,hour,31.97,31.97,yes,2026-08-05,https://www.edjoin.org/Home/JobPosting/2256958
72f07635cb0b2607800ab38767a2031e93631e44,"26/27 School Year, SIGNING BONUS $3,500 - Special Education - RSP Watsonville Valley High School (.5 FTE)",Pajaro Valley Unified School District,Santa Cruz County schools (EDJOIN),Education,on-site,extended,Watsonville,CA,50,"$29,260 - $48,787+ $1,071 Masters Stipend",yes,year,29260,48787,yes,2026-08-05,https://www.edjoin.org/Home/JobPosting/2257222
7910bc22c515c9dbe0f7aa37db00481aa246ccfe,Full-Time Middle School Math and Science,Mount Madonna School,Santa Cruz County schools (EDJOIN),Education,on-site,extended,Watsonville,CA,50,"Starting at $60,000",yes,year,60000,60000,yes,2026-08-05,https://www.edjoin.org/Home/JobPosting/2220660
8a81801da7a7e34ed18a0b652ceaa35b51226df1,"Student Data Specialist II, Special Education",Santa Cruz County Office Of Education,Santa Cruz County schools (EDJOIN),Education,on-site,core,Santa Cruz,CA,30,"$5,803 - $7,340 Monthly",yes,month,5803,7340,yes,2026-08-05,https://www.edjoin.org/Home/JobPosting/2257068
28f54d20b3020ac6051ba5ed41a6901636a15e73,"Volleyball Coach, Boys JV - Scotts Valley High School",Scotts Valley USD,Santa Cruz County schools (EDJOIN),Education,on-site,core,Scotts Valley,CA,20,"$2,631 Stipend",yes,stipend,2631,2631,yes,2026-08-05,https://www.edjoin.org/Home/JobPosting/2256773
20b42d32418fb223233b0120f1875db7b21f1cea,"Varsity Baseball Head Coach, Boys - Scotts Valley High School",Scotts Valley USD,Santa Cruz County schools (EDJOIN),Education,on-site,core,Scotts Valley,CA,20,"$3,076 Stipend",yes,stipend,3076,3076,yes,2026-08-05,https://www.edjoin.org/Home/JobPosting/2256781
26416cff51a4d1bd4dbf637d89f9c2ce11ac229c,Substitute/Temporary/On-call - Receptionist II,Santa Cruz County Office Of Education,Santa Cruz County schools (EDJOIN),Office & Admin,on-site,core,Santa Cruz,CA,30,$23.19 Per Hour,yes,hour,23.19,23.19,yes,2026-08-05,https://www.edjoin.org/Home/JobPosting/2256365
17ad7a56b0b848dfe3f5f2cbd7dd8f649f27e19c,Account/Payroll Technician,Scotts Valley USD,Santa Cruz County schools (EDJOIN),Office & Admin,on-site,core,Scotts Valley,CA,20,$27.62 - $30.49 Per Hour,yes,hour,27.62,30.49,yes,2026-08-05,https://www.edjoin.org/Home/JobPosting/2256316
bf789802ab9738ee957627a7ea31152be11ed8fc,Basketball JV Boys' Coach - Harbor High School,Santa Cruz City Schools,Santa Cruz County schools (EDJOIN),Education,on-site,core,Santa Cruz,CA,30,"$2,923 Stipend",yes,stipend,2923,2923,yes,2026-08-05,https://www.edjoin.org/Home/JobPosting/2256008
598bd6d3bc063dcfae1d82284a2894b5fa3bb460,School Office Assistant -Temporary (Bilingual In English & Spanish Preferred ),Pajaro Valley Unified School District,Santa Cruz County schools (EDJOIN),Education,on-site,extended,Watsonville,CA,50,$19.31 Per Hour,yes,hour,19.31,19.31,yes,2026-08-05,https://www.edjoin.org/Home/JobPosting/2255842
84a43c7d3575e08bbcfea27e46fd08dc2af0e765,"Teacher, Alternative Education Programs",Santa Cruz County Office Of Education,Santa Cruz County schools (EDJOIN),Education,on-site,core,Santa Cruz,CA,30,"$56,757 - $118,526 Annually",yes,year,56757,118526,yes,2026-08-05,https://www.edjoin.org/Home/JobPosting/2255934
898879a71e1171a3d6177b9775077f68a91204d4,"26/27 School Year, SIGNING BONUS $7,000 - Special Education -Mild Moderate - Lakeview Middle School",Pajaro Valley Unified School District,Santa Cruz County schools (EDJOIN),Education,on-site,extended,Watsonville,CA,50,"$58,520 - $97,574 + $2,142 Masters Stipend",yes,year,58520,97574,yes,2026-08-05,https://www.edjoin.org/Home/JobPosting/2255403
6eb5ab25445379e6ef804e7710c825368f340db2,FOOD & NUTRITION SERVICES ASSISTANT (Full Medical Benefits),Pajaro Valley Unified School District,Santa Cruz County schools (EDJOIN),Food & Hospitality,on-site,extended,Watsonville,CA,50,$17.06 - $21.78 Per Hour,yes,hour,17.06,21.78,yes,2026-08-05,https://www.edjoin.org/Home/JobPosting/2255453
5586ddedaa6793058dcc666e4e2d0ceabfbe0327,ADMINISTRATIVE SECRETARY I Proficiency in English and Spanish Preferred (TEMPORARY OPPORTUNITY),Pajaro Valley Unified School District,Santa Cruz County schools (EDJOIN),Office & Admin,on-site,extended,Watsonville,CA,50,$20.28 Per Hour,yes,hour,20.28,20.28,yes,2026-08-05,https://www.edjoin.org/Home/JobPosting/2255454
f163f462c21214904c2adf5c1241604dcc3b2259,"26/27 School Year, SIGNING BONUS $3,500 - Special Education - RSP Pajaro Valley High School (.5 FTE)",Pajaro Valley Unified School District,Santa Cruz County schools (EDJOIN),Education,on-site,extended,Watsonville,CA,50,"$29,260 - $48,787+ $1,071 Masters Stipend",yes,year,29260,48787,yes,2026-08-05,https://www.edjoin.org/Home/JobPosting/2255415
5caa8cf2a05091b1af8ca4e3117bf2885d0f5ab3,Food & Nutrition Services Assistant (Substitutes),Pajaro Valley Unified School District,Santa Cruz County schools (EDJOIN),Food & Hospitality,on-site,extended,Watsonville,CA,50,$17.06 Per Hour,yes,hour,17.06,17.06,yes,2026-08-05,https://www.edjoin.org/Home/JobPosting/2255451
fadbc8ebd30d8f84c96d1b9c95527ce981350366,Instructional Aide for Special Education Student,Tierra Pacifica Charter School,Santa Cruz County schools (EDJOIN),Education,on-site,core,Santa Cruz,CA,30,22.00 Per Hour,yes,hour,22,22,yes,2026-08-05,https://www.edjoin.org/Home/JobPosting/2255517
22aafad6aac03aef78da9ac1df8cf479e2ac4aeb,"26/27 School Year, SIGNING BONUS $7,000 - Special Education - RSP Pajaro Valley High School",Pajaro Valley Unified School District,Santa Cruz County schools (EDJOIN),Education,on-site,extended,Watsonville,CA,50,"$58,520 - $97,574 + $2,142 Masters Stipend",yes,year,58520,97574,yes,2026-08-05,https://www.edjoin.org/Home/JobPosting/2255392
06a35a049b542fc69e5c3e60f2886d1c269f9dce,"26/27 School Year, SIGNING BONUS $7,000 - Special Education -RSP Teacher- Radcliff Elementary",Pajaro Valley Unified School District,Santa Cruz County schools (EDJOIN),Education,on-site,extended,Watsonville,CA,50,"$58,520 - $97,574 + $2,142 Masters Stipend",yes,year,58520,97574,yes,2026-08-05,https://www.edjoin.org/Home/JobPosting/2255396
b7229b67d197aff5a6cd9f371b01f1c1e80bb4a5,"26/27 School Year, SIGNING BONUS $7,000 - Special Education -Mild Moderate - H.A Hyde Elementary",Pajaro Valley Unified School District,Santa Cruz County schools (EDJOIN),Education,on-site,extended,Watsonville,CA,50,"$58,520 - $97,574 + $2,142 Masters Stipend",yes,year,58520,97574,yes,2026-08-05,https://www.edjoin.org/Home/JobPosting/2255405
0bcee1370659b9c469e9444bf87c704706ff78a8,Behavior Intervention Assistant Pool (26/27 School Year),Soquel Union Elementary School District,Santa Cruz County schools (EDJOIN),Education,on-site,core,Capitola,CA,35,$19.55 - $21.56 Per Hour,yes,hour,19.55,21.56,yes,2026-08-05,https://www.edjoin.org/Home/JobPosting/1915858
66fd0947ff9e4888d2c35697cf3e40452aa87087,Substitute Site Administrator Pool,Pajaro Valley Unified School District,Santa Cruz County schools (EDJOIN),Education,on-site,extended,Watsonville,CA,50,$700/Day - Day is 8 hours Daily,yes,day,700,700,yes,2026-08-05,https://www.edjoin.org/Home/JobPosting/2254708
0526138308c1a954421170c2a7e5eeea542c257b,Assistant Principal,Ceiba College Preparatory Academy,Santa Cruz County schools (EDJOIN),Education,on-site,extended,Watsonville,CA,50,"$108,769 - $144,311 Annually",yes,year,108769,144311,yes,2026-08-05,https://www.edjoin.org/Home/JobPosting/2254655
94edde1fcb5bb42c4f672753b9f5dd404eeb2fc6,"Paraeducator Academic Intervention - Gault Elementary - 15 hrs- 9 months- Position Starts August 6th, 2026",Santa Cruz City Schools,Santa Cruz County schools (EDJOIN),Education,on-site,core,Santa Cruz,CA,30,21.56 - 23.75 Per Hour,yes,hour,21.56,23.75,yes,2026-08-05,https://www.edjoin.org/Home/JobPosting/2254867
5ee8bad1dbae97d60b5d000d8680be011428780e,Substitute/Temporary/On-call - Administrative Assistant,Santa Cruz County Office Of Education,Santa Cruz County schools (EDJOIN),Office & Admin,on-site,core,Santa Cruz,CA,30,$27.20 Per Hour,yes,hour,27.20,27.20,yes,2026-08-05,https://www.edjoin.org/Home/JobPosting/2254126
20c1c88d513b1be44bdad07d0d2d7800f8b44448,"Manager, Northern Central Coast K-16 Collaborative (Classified Management) Grant Funded and Subject to Lay-off at the End of Grant",Santa Cruz County Office Of Education,Santa Cruz County schools (EDJOIN),Education,on-site,core,Santa Cruz,CA,30,"$118,902 - $151,751 Annually",yes,year,118902,151751,yes,2026-08-05,https://www.edjoin.org/Home/JobPosting/2254131
aa8e0697a7e7f6867ded88ffaf3e852cd9c714c0,College and Career Center Technician - Scotts Valley High School,Scotts Valley USD,Santa Cruz County schools (EDJOIN),Education,on-site,core,Scotts Valley,CA,20,$19.55 - $22.12 Per Hour,yes,hour,19.55,22.12,yes,2026-08-05,https://www.edjoin.org/Home/JobPosting/2254553
a27d9af7e54430cf5958ee67445729a8681a47b8,Program Coordinator - After School Programs - 18 hrs- Branciforte Middle School,Santa Cruz City Schools,Santa Cruz County schools (EDJOIN),Education,on-site,core,Santa Cruz,CA,30,Range 34: $26.85-$29.60 per hour (steps 1-3 of a 6 step salary schedule) *Pay Range and Job Description are currently under review and subject to change.,yes,hour,26.85,29.60,yes,2026-08-05,https://www.edjoin.org/Home/JobPosting/2253589
9b46d59cbe27906c89733ab67438728a62860801,Groundskeeper (2 positions),Cabrillo College,Santa Cruz County schools (EDJOIN),Trades & Maintenance,on-site,core,Aptos,CA,40,,no,,,,,2026-08-05,https://www.edjoin.org/Home/JobPosting/2253557
418318ea4694913601d2f537e405e02229b151d6,Instructional Assistant (San Lorenzo Valley Elementary),San Lorenzo Valley Unified,Santa Cruz County schools (EDJOIN),Education,on-site,core,Ben Lomond,CA,9,$19.94 - $25.46 Per Hour,yes,hour,19.94,25.46,yes,2026-08-05,https://www.edjoin.org/Home/JobPosting/2253127
49b590cd5f29b9c5daa2fb7f61b528cd932d8df1,COMMUNITY SCHOOLS SPECIALIST-Bilingual Preferred(GRANT FUNDED)-TEMPORARY OPPORTUNITIES,Pajaro Valley Unified School District,Santa Cruz County schools (EDJOIN),Education,on-site,extended,Watsonville,CA,50,$27.96 Per Hour,yes,hour,27.96,27.96,yes,2026-08-05,https://www.edjoin.org/Home/JobPosting/2123817
0d4e7e516e4d7b0975b6606454b435f221d57083,"26/27 School Year, SIGNING BONUS $7,000 - Special Education -Extensive Needs Support- Watsonville Post Secondary",Pajaro Valley Unified School District,Santa Cruz County schools (EDJOIN),Education,on-site,extended,Watsonville,CA,50,"$58,520 - $97,574 + $2,142 Masters Stipend",yes,year,58520,97574,yes,2026-08-05,https://www.edjoin.org/Home/JobPosting/2253775
9ea2b63178ce49e6ce58a5a0d5e8be85569751f2,Instructional Assistant - TK (San Lorenzo Valley Elementary),San Lorenzo Valley Unified,Santa Cruz County schools (EDJOIN),Education,on-site,core,Ben Lomond,CA,9,$19.94 - $25.46 Per Hour,yes,hour,19.94,25.46,yes,2026-08-05,https://www.edjoin.org/Home/JobPosting/2253119
31ab5f650d41f84e6f13e4fb50a35c9bb8798df0,Student Services Coordinator (Special Education Credential),Watsonville Prep School - A Navigator School,Santa Cruz County schools (EDJOIN),Education,on-site,extended,Watsonville,CA,50,"$92,000.00 - $96,000.00 Annually",yes,year,92000,96000,yes,2026-08-05,https://www.edjoin.org/Home/JobPosting/2226972
c23a2dea1cb5b08284436a6888d800aa7120084a,Assistant After School Program Coordinator,Watsonville Prep School - A Navigator School,Santa Cruz County schools (EDJOIN),Education,on-site,extended,Watsonville,CA,50,$24.00 - $27.25 Per Hour,yes,hour,24,27.25,yes,2026-08-05,https://www.edjoin.org/Home/JobPosting/2235922
710ff2c1427aa889094b5000dba673f1d247e4b6,After School Group Leader,Watsonville Prep School - A Navigator School,Santa Cruz County schools (EDJOIN),Education,on-site,extended,Watsonville,CA,50,$21.00 - $23.00 Per Hour,yes,hour,21,23,yes,2026-08-05,https://www.edjoin.org/Home/JobPosting/2241595
aba8746c69829d3b73037ca8fcef49354800eeed,"Recess Coach, Main St. Elementary School- 25 hrs/week",Soquel Union Elementary School District,Santa Cruz County schools (EDJOIN),Education,on-site,core,Capitola,CA,35,$16.84 - $21.49 Per Hour,yes,hour,16.84,21.49,yes,2026-08-05,https://www.edjoin.org/Home/JobPosting/2227733
969add6de7b463aa1ca83aebe407985769a8c48e,Physical Education Teacher,Watsonville Prep School - A Navigator School,Santa Cruz County schools (EDJOIN),Education,on-site,extended,Watsonville,CA,50,"$70,400.00 - $80,448 Annually",yes,year,70400,80448,yes,2026-08-05,https://www.edjoin.org/Home/JobPosting/2236071
5e41c9a950c94c7622888e4690756a700ad8a474,Teacher in Training,Watsonville Prep School - A Navigator School,Santa Cruz County schools (EDJOIN),Education,on-site,extended,Watsonville,CA,50,$32.00 - $37.00 Per Hour,yes,hour,32,37,yes,2026-08-05,https://www.edjoin.org/Home/JobPosting/1676153
a8044e2a5fa09422f518ae588e40da2ecaba6609,Philosophy - Associate Instructor,Cabrillo College,Santa Cruz County schools (EDJOIN),Education,on-site,core,Aptos,CA,40,"1,665 - 2,556 Stipend",yes,stipend,1665,2556,yes,2026-08-05,https://www.edjoin.org/Home/JobPosting/2252038
731a1bdecfbef5323f103806e26031f855d6e6ad,"Instructional Assistant, Special Education, 5.9 hrs daily; Immediate Opening",Scotts Valley USD,Santa Cruz County schools (EDJOIN),Education,on-site,core,Scotts Valley,CA,20,$22.67 - $25.65 Per Hour,yes,hour,22.67,25.65,yes,2026-08-05,https://www.edjoin.org/Home/JobPosting/2204214
99e5c266f229e75feffe9aa817083c10e860e40c,Mathematics - Associate Instructor,Cabrillo College,Santa Cruz County schools (EDJOIN),Education,on-site,core,Aptos,CA,40,"1,665 - 2,556 Stipend",yes,stipend,1665,2556,yes,2026-08-05,https://www.edjoin.org/Home/JobPosting/2252036
2681e2b388176a49f2b1567fd362d9a64a9103f9,Dental Hygiene - Associate Instructor,Cabrillo College,Santa Cruz County schools (EDJOIN),Education,on-site,core,Aptos,CA,40,"1,665 - 2,556 Stipend",yes,stipend,1665,2556,yes,2026-08-05,https://www.edjoin.org/Home/JobPosting/2252037
f6f2ea1f59e00586042d1bbeb6a5c4a4187a0f1b,"Nursing, Clinical - Pediatric, Psychiatric/Mental Health/Medical-Surgical - Associate Instructor",Cabrillo College,Santa Cruz County schools (EDJOIN),Education,on-site,core,Aptos,CA,40,"1,665 - 2,556 Stipend",yes,stipend,1665,2556,yes,2026-08-05,https://www.edjoin.org/Home/JobPosting/2252039
f670f8c972d55f3bee837f16c9d0e66201034515,Systems Administrator,Cabrillo College,Santa Cruz County schools (EDJOIN),Technology,on-site,core,Aptos,CA,40,"7,970 - 9,226 Monthly",yes,month,7970,9226,yes,2026-08-05,https://www.edjoin.org/Home/JobPosting/2252040
f46c29905e841367066b914db46c4dd5dddc0765,"Instructional Aide I (TK), 5 hours per day. Bilingual preferred",Live Oak Elementary School District,Santa Cruz County schools (EDJOIN),Education,on-site,core,Santa Cruz,CA,30,$19.19 - $22.26 Per Hour,yes,hour,19.19,22.26,yes,2026-08-05,https://www.edjoin.org/Home/JobPosting/2252290
afce4fc2e913f387acdc7a2d81e2cd59e8cc5808,Fire Technology (FT)/Emergency Medical Technician (EMT) - Associate Instructor,Cabrillo College,Santa Cruz County schools (EDJOIN),Education,on-site,core,Aptos,CA,40,"1,665 - 2,556 Stipend",yes,stipend,1665,2556,yes,2026-08-05,https://www.edjoin.org/Home/JobPosting/2251482
a269b85e15d0de28a75f4418b69b50044c202a04,Geography - Associate Instructor,Cabrillo College,Santa Cruz County schools (EDJOIN),Education,on-site,core,Aptos,CA,40,"1,665 - 2,556 Stipend",yes,stipend,1665,2556,yes,2026-08-05,https://www.edjoin.org/Home/JobPosting/2251483
889c922377dbb2bf00982779e7f0d0f7d5713c7e,Ethnic Studies - Associate Instructor,Cabrillo College,Santa Cruz County schools (EDJOIN),Education,on-site,core,Aptos,CA,40,"1,665 - 2,556 Stipend",yes,stipend,1665,2556,yes,2026-08-05,https://www.edjoin.org/Home/JobPosting/2251481
0dd7ca6d40eb5ad21ac5eba350e02799a3495036,"Counselor, Academic - Associate Instructor",Cabrillo College,Santa Cruz County schools (EDJOIN),Education,on-site,core,Aptos,CA,40,,no,,,,,2026-08-05,https://www.edjoin.org/Home/JobPosting/2251577
41cd499d679be43c780f0ac7e48732a4ea2f1d61,"Athletics/Head Coach, Indoor Volleyball - Associate Instructor",Cabrillo College,Santa Cruz County schools (EDJOIN),Education,on-site,core,Aptos,CA,40,"1,665 - 2,556 Stipend",yes,stipend,1665,2556,yes,2026-08-05,https://www.edjoin.org/Home/JobPosting/2251484
e34e21eece0cca7bee206a72103e4e74e9da7cb1,"Nursing, Certified Nursing Assistant (CNA) - Associate Instructor",Cabrillo College,Santa Cruz County schools (EDJOIN),Education,on-site,core,Aptos,CA,40,"1,665 - 2,556 Stipend",yes,stipend,1665,2556,yes,2026-08-05,https://www.edjoin.org/Home/JobPosting/2251485
2c16129c4ede0054ad333d9ef13c1cefb86a8e3d,Communication Studies - Associate Instructor,Cabrillo College,Santa Cruz County schools (EDJOIN),Education,on-site,core,Aptos,CA,40,,no,,,,,2026-08-05,https://www.edjoin.org/Home/JobPosting/2250915
f6e00f0f3a777ff08be5e4d7f975012a9da0f6a5,"CTE Teacher, Business & Math - Diamond Tech Institute",Pajaro Valley Unified School District,Santa Cruz County schools (EDJOIN),Education,on-site,extended,Watsonville,CA,50,"$56,986 - $97,574/yr + Masters Stipend $2,142",yes,year,56986,97574,yes,2026-08-05,https://www.edjoin.org/Home/JobPosting/2250917
49540f2000edd7cbbfe0ae576b1ab2df726aa62b,Golf Coach Varsity Girls - Soquel High School,Santa Cruz City Schools,Santa Cruz County schools (EDJOIN),Education,on-site,core,Santa Cruz,CA,30,"$2,243 Stipend",yes,stipend,2243,2243,yes,2026-08-05,https://www.edjoin.org/Home/JobPosting/2250319
10f49b3c7256175414ea982d7e932ed3e0e1d188,Lacrosse Boys' Varsity Coach - Harbor High School,Santa Cruz City Schools,Santa Cruz County schools (EDJOIN),Education,on-site,core,Santa Cruz,CA,30,"$3,595 Stipend",yes,stipend,3595,3595,yes,2026-08-05,https://www.edjoin.org/Home/JobPosting/2250227
aa4408d81afdc5ca038ea25e004f9d6746f3f916,Golf: Boys' Coach - Harbor High School,Santa Cruz City Schools,Santa Cruz County schools (EDJOIN),Education,on-site,core,Santa Cruz,CA,30,"$2,243 Stipend",yes,stipend,2243,2243,yes,2026-08-05,https://www.edjoin.org/Home/JobPosting/2250228
3b9e2aa9dbd6e08c9289f2eb11fcfc9c3b228648,Wrestling Head Coach - Harbor High School,Santa Cruz City Schools,Santa Cruz County schools (EDJOIN),Education,on-site,core,Santa Cruz,CA,30,$3595 Stipend,yes,stipend,3595,3595,yes,2026-08-05,https://www.edjoin.org/Home/JobPosting/2250225
8045a353bf7dd22ee045038897103ead12e7eb15,Kindergarten Teacher - Green Acres Elementary,Live Oak Elementary School District,Santa Cruz County schools (EDJOIN),Education,on-site,core,Santa Cruz,CA,30,"$57,461 - $103,800 Annually",yes,year,57461,103800,yes,2026-08-05,https://www.edjoin.org/Home/JobPosting/2250148
1af03930bfd3fbea483fc884d4007860f461684a,Student Helper- For Current High School Students,Pajaro Valley Unified School District,Santa Cruz County schools (EDJOIN),Education,on-site,extended,Watsonville,CA,50,$16.90 Per Hour,yes,hour,16.90,16.90,yes,2026-08-05,https://www.edjoin.org/Home/JobPosting/2249969
541f4dc96c6747c4b092fc06c838086c75d7bcd8,"Board Certified Behavior Analyst (BCBA) $5,000 Signing Bonus",Live Oak Elementary School District,Santa Cruz County schools (EDJOIN),Healthcare,on-site,core,Santa Cruz,CA,30,"$84,821.66 - $101,349.62 Annually",yes,year,84821.66,101349.62,yes,2026-08-05,https://www.edjoin.org/Home/JobPosting/2233053
6d0c800be251ef3e1bc10f9e6e372711690ee1fa,Adult Ed - Spanish GED Instructor,Pajaro Valley Unified School District,Santa Cruz County schools (EDJOIN),Education,on-site,extended,Watsonville,CA,50,$42.25 - $50.61 per hour.,yes,hour,42.25,50.61,yes,2026-08-05,https://www.edjoin.org/Home/JobPosting/2248468
bb2be7f484b387d31d9dee5e392689373b334a40,"Bilingual Paraeducator - DeLaveaga Elementary School- 15 hrs- 9 months- Position Starts August 6th, 2026",Santa Cruz City Schools,Santa Cruz County schools (EDJOIN),Education,on-site,core,Santa Cruz,CA,30,17.65 - 19.49 Per Hour,yes,hour,17.65,19.49,yes,2026-08-05,https://www.edjoin.org/Home/JobPosting/2248584
3a4035e0accb598be53dfc7a73c8db66d997d56f,"Yard Duty Monitor - 4.5 hrs/week - DeLaveaga Elementary School - Position Starts August 6, 2026",Santa Cruz City Schools,Santa Cruz County schools (EDJOIN),Education,on-site,core,Santa Cruz,CA,30,$17.47 - $19.21 Per Hour,yes,hour,17.47,19.21,yes,2026-08-05,https://www.edjoin.org/Home/JobPosting/2248573
a5cf9adb82efbd4cb1f2ea8412fdad4a5c33ea9b,Band Teacher .40 FTE- New Brighton Middle School (26/27 School Year),Soquel Union Elementary School District,Santa Cruz County schools (EDJOIN),Education,on-site,core,Capitola,CA,35,"$53,808-$95,375 + Master's Stipend $1,900 (up to 17 years of service credit given, salary prorated to FTE)",yes,year,53808,95375,yes,2026-08-05,https://www.edjoin.org/Home/JobPosting/2237915
2779c286240c7f0cb6b353af964ef5b3efdc4d2e,TEACHER (After School Expanded Learning Program),Pajaro Valley Unified School District,Santa Cruz County schools (EDJOIN),Education,on-site,extended,Watsonville,CA,50,$40.00 Per Hour,yes,hour,40,40,yes,2026-08-05,https://www.edjoin.org/Home/JobPosting/2247518
73d0c88a9f7175ba2592bca823d1c95216fd6697,"26/27 School Year, SIGNING BONUS $7,000 - Special Education -Autism Teacher- H.A Hyde Elementary",Pajaro Valley Unified School District,Santa Cruz County schools (EDJOIN),Education,on-site,extended,Watsonville,CA,50,"$58,520 - $97,574 + $2,142 Masters Stipend",yes,year,58520,97574,yes,2026-08-05,https://www.edjoin.org/Home/JobPosting/2247336
fea8f3d4ba836289b3d8b264be995e5ea3aa7628,26/27 School Year - Math Teacher - Aptos High School,Pajaro Valley Unified School District,Santa Cruz County schools (EDJOIN),Education,on-site,extended,Watsonville,CA,50,"$58,520 - $97,574 Plus $2,142 Master's Stipend",yes,year,58520,97574,yes,2026-08-05,https://www.edjoin.org/Home/JobPosting/2246487
69dc2b9816d7e8d0a0a9108f0b2b66c20f28011d,Food Service Worker I - 17.5 hours per week/ 9 months,Santa Cruz City Schools,Santa Cruz County schools (EDJOIN),Food & Hospitality,on-site,core,Santa Cruz,CA,30,17.47 - 19.21 Per Hour,yes,hour,17.47,19.21,yes,2026-08-05,https://www.edjoin.org/Home/JobPosting/2246647
ce02430b52dc301329f5ead8bfec89e181d86b76,Fleet Technician / School Bus Driver - 40 hours - 11 months,Santa Cruz City Schools,Santa Cruz County schools (EDJOIN),Trades & Maintenance,on-site,core,Santa Cruz,CA,30,25.59 - 28.17 Per Hour,yes,hour,25.59,28.17,yes,2026-08-05,https://www.edjoin.org/Home/JobPosting/2246827
df04c4decefafc4ff1903b2156eac80110541a03,"Instructional Aide, Alternative Education",Santa Cruz County Office Of Education,Santa Cruz County schools (EDJOIN),Education,on-site,core,Santa Cruz,CA,30,$27.20 - $34.29 Per Hour,yes,hour,27.20,34.29,yes,2026-08-05,https://www.edjoin.org/Home/JobPosting/2245014
7bd5c9278eb26e1c3b1a5d35ec3cd0a95c2541bd,"SUBSTITUTE OPPORTUNITIES (Special Ed.): INSTRUCTIONAL ASSISTANT MILD/MODERATE, MODERATE/SEVERE, BEHAVIOR TECHNICIAN",Pajaro Valley Unified School District,Santa Cruz County schools (EDJOIN),Education,on-site,extended,Watsonville,CA,50,IA Mild/Moderate-$19.79/hr; IA Moderate/Severe- $21.84/hr; Behavior Technician-$23.52/hr,yes,hour,19.79,23.52,yes,2026-08-05,https://www.edjoin.org/Home/JobPosting/2240753
2749b75e7beb0de1e780a7f9b6babcf276ed294a,Interpreter/Tutor Sign Language,Pajaro Valley Unified School District,Santa Cruz County schools (EDJOIN),Education,on-site,extended,Watsonville,CA,50,$25.96 - $33.13 Per Hour,yes,hour,25.96,33.13,yes,2026-08-05,https://www.edjoin.org/Home/JobPosting/2244786
9358e1026458608497bf5c16faf9adb8862cdd6e,LEAP (ELOP) Program Leaders,Live Oak Elementary School District,Santa Cruz County schools (EDJOIN),Education,on-site,core,Santa Cruz,CA,30,$18.00 - $22.00 Per Hour,yes,hour,18,22,yes,2026-08-05,https://www.edjoin.org/Home/JobPosting/1963671
bf8a8c29a655294188c3ff68e47e2ccc8fe1c872,Enrichment Specialist (After School Extended Learning Program),Pajaro Valley Unified School District,Santa Cruz County schools (EDJOIN),Education,on-site,extended,Watsonville,CA,50,$30.56 Per Hour,yes,hour,30.56,30.56,yes,2026-08-05,https://www.edjoin.org/Home/JobPosting/2242282
e152106842f09138669403703335f51fae19d051,Instructional Assistant–General Education (After School Extended Learning Program),Pajaro Valley Unified School District,Santa Cruz County schools (EDJOIN),Education,on-site,extended,Watsonville,CA,50,$17.06 Per Hour,yes,hour,17.06,17.06,yes,2026-08-05,https://www.edjoin.org/Home/JobPosting/2244742
d942d8e26deae7427952a0ed5f5e54fcc2072af6,French - Associate Instructor,Cabrillo College,Santa Cruz County schools (EDJOIN),Education,on-site,core,Aptos,CA,40,,no,,,,,2026-08-05,https://www.edjoin.org/Home/JobPosting/2245005
a756c0163f6b062c2af6a6acf195ea4f2d79afbb,Cross-County Coach (Middle School - Coach Position),San Lorenzo Valley Unified,Santa Cruz County schools (EDJOIN),Education,on-site,core,Ben Lomond,CA,9,"$1,176 Stipend",yes,stipend,1176,1176,yes,2026-08-05,https://www.edjoin.org/Home/JobPosting/2243978
646fe01f48bd78b6874d193d7a0f800d5c3e1ba3,Cross-County Coach (Middle School - Assistant Coach Position),San Lorenzo Valley Unified,Santa Cruz County schools (EDJOIN),Education,on-site,core,Ben Lomond,CA,9,"$1,176 Stipend",yes,stipend,1176,1176,yes,2026-08-05,https://www.edjoin.org/Home/JobPosting/2243973
e529c806d3e0515f9d84be4d2b1538273745aad9,Chief Business Officer,Pajaro Valley Unified School District,Santa Cruz County schools (EDJOIN),Education,on-site,extended,Watsonville,CA,50,"$211,100 - $248,418 Annually",yes,year,211100,248418,yes,2026-08-05,https://www.edjoin.org/Home/JobPosting/2243296
b74494f36758355f254041c21e2c3b1a01ea9a61,Child Development Associate Aide II CCTR - After School Program,Live Oak Elementary School District,Santa Cruz County schools (EDJOIN),Education,on-site,core,Santa Cruz,CA,30,$23.61 - $27.37 Per Hour,yes,hour,23.61,27.37,yes,2026-08-05,https://www.edjoin.org/Home/JobPosting/2242963
cf14ae0565138a134734190e505babc5ad8a556e,Long Term Substitute - Preschool Teacher,Live Oak Elementary School District,Santa Cruz County schools (EDJOIN),Education,on-site,core,Santa Cruz,CA,30,$165 Daily,yes,day,165,165,yes,2026-08-05,https://www.edjoin.org/Home/JobPosting/2242959
9ab31cda824489d8f5fe7c90bf76107890350c99,Head Varsity Baseball Coach-WHS,Pajaro Valley Unified School District,Santa Cruz County schools (EDJOIN),Education,on-site,extended,Watsonville,CA,50,"Season Stipend $5,641 Stipend",yes,stipend,5641,5641,yes,2026-08-05,https://www.edjoin.org/Home/JobPosting/2240754
b820b2c43c752e1669c07b710a08a5b72bd9fb22,JV Boys Basketball Coach-WHS,Pajaro Valley Unified School District,Santa Cruz County schools (EDJOIN),Education,on-site,extended,Watsonville,CA,50,"Season Stipend $ 4,512 Stipend",yes,stipend,4512,4512,yes,2026-08-05,https://www.edjoin.org/Home/JobPosting/2240759
bd050def3b361932a3b1af777b253639690e57e3,JV Softball Coach-WHS,Pajaro Valley Unified School District,Santa Cruz County schools (EDJOIN),Education,on-site,extended,Watsonville,CA,50,"Season Stipend $4,512 Stipend",yes,stipend,4512,4512,yes,2026-08-05,https://www.edjoin.org/Home/JobPosting/2240772
e1aadb724f60c857d668036e8279f9d43dcc51a6,Dual Language Immersion Teacher Grade TK,Live Oak Elementary School District,Santa Cruz County schools (EDJOIN),Education,on-site,core,Santa Cruz,CA,30,"$57,461 - $103,800 Annually",yes,year,57461,103800,yes,2026-08-05,https://www.edjoin.org/Home/JobPosting/2241134
4e6e0379e7a94636229c36c78b89bd1b21008d9e,2026/2027 School Year: CTE AG Science Teacher Expanded Learning (1.0 FTE) Full Family Benefits $90 per month,Pajaro Valley Unified School District,Santa Cruz County schools (EDJOIN),Education,on-site,extended,Watsonville,CA,50,"$56,986 - $97,574.00 Annually",yes,year,56986,97574,yes,2026-08-05,https://www.edjoin.org/Home/JobPosting/2240952
f192799b7b023d4e6670851cf8da8436d48524d3,"26/27 School Year, SIGNING BONUS $7,000 - Special Education -RSP Teacher- Macquiddy Elementary",Pajaro Valley Unified School District,Santa Cruz County schools (EDJOIN),Education,on-site,extended,Watsonville,CA,50,"$58,520 - $97,574 + $2,142 Masters Stipend",yes,year,58520,97574,yes,2026-08-05,https://www.edjoin.org/Home/JobPosting/2240308
6a84b21d80c01afe4e11064cdb89818041cdba5d,"26/27 School Year, SIGNING BONUS $7,000 - Special Education -RSP Teacher-Pajaro Middle School /Lakeview Middle School",Pajaro Valley Unified School District,Santa Cruz County schools (EDJOIN),Education,on-site,extended,Watsonville,CA,50,"$58,520 - $97,574 + $2,142 Masters Stipend",yes,year,58520,97574,yes,2026-08-05,https://www.edjoin.org/Home/JobPosting/2240354
1d2ac0c247bdbbd0a0204aa96a9c0297818d30fb,"26/27 School Year, SIGNING BONUS $7,000 - Special Education, Visual Impairment (FTE .5), Orientation & Mobility (FTE .5)",Pajaro Valley Unified School District,Santa Cruz County schools (EDJOIN),Education,on-site,extended,Watsonville,CA,50,"$58,520 - $97,574 Plus $2,142 Masters Stipend",yes,year,58520,97574,yes,2026-08-05,https://www.edjoin.org/Home/JobPosting/2240391
fadc5752fc85056ed9dbd959b29812c744ece743,"26/27 - School Year, SIGNING BONUS $7,000 - Special Education - Teacher for the Visually Impaired - (FTE 1.0)",Pajaro Valley Unified School District,Santa Cruz County schools (EDJOIN),Education,on-site,extended,Watsonville,CA,50,"$58,520 - $97,574 Plus $2,142 Masters Stipend",yes,year,58520,97574,yes,2026-08-05,https://www.edjoin.org/Home/JobPosting/2240383
bfc332da6944ca88b7e0a9c5a699d265fc9764cd,"26/27 School Year, SIGNING BONUS $7,000 - Special Education -RSP Teacher- Lakeview Middle School",Pajaro Valley Unified School District,Santa Cruz County schools (EDJOIN),Education,on-site,extended,Watsonville,CA,50,"$58,520 - $97,574 + $2,142 Masters Stipend",yes,year,58520,97574,yes,2026-08-05,https://www.edjoin.org/Home/JobPosting/2240344
53176b090033f441459c5e80b65dfc8b7c8e8b92,"26/27 School Year, SIGNING BONUS $7,000 - Special Education -RSP Teacher-Cesar Chavez Middle School (FTE .5) /Watsonville High School (FTE .5)",Pajaro Valley Unified School District,Santa Cruz County schools (EDJOIN),Education,on-site,extended,Watsonville,CA,50,"$58,520 - $97,574 + $2,142 Masters Stipend",yes,year,58520,97574,yes,2026-08-05,https://www.edjoin.org/Home/JobPosting/2240330
30066204105be1581c641d9bed1474a57957b230,"26/27 School Year, SIGNING BONUS $7,000 - Special Education -RSP Teacher- EA Hall Middle School",Pajaro Valley Unified School District,Santa Cruz County schools (EDJOIN),Education,on-site,extended,Watsonville,CA,50,"$58,520 - $97,574 + $2,142 Masters Stipend",yes,year,58520,97574,yes,2026-08-05,https://www.edjoin.org/Home/JobPosting/2240339
0b8612cd786aa58821502c9146f5d2c9922c73c3,"26/27 School Year, SIGNING BONUS $7,000 - Special Education -RSP Teacher- Bradley Elementary",Pajaro Valley Unified School District,Santa Cruz County schools (EDJOIN),Education,on-site,extended,Watsonville,CA,50,"$58,520 - $97,574 + $2,142 Masters Stipend",yes,year,58520,97574,yes,2026-08-05,https://www.edjoin.org/Home/JobPosting/2240321
c124b1fc816283645d5359417b5502361bb8cd85,Substitute Teacher,Pajaro Valley Unified School District,Santa Cruz County schools (EDJOIN),Education,on-site,extended,Watsonville,CA,50,Full day pay rate= $170 for new substitute/$216 for 1 year substitute at 90 days per year or more Daily,yes,day,170,216,yes,2026-08-05,https://www.edjoin.org/Home/JobPosting/2239969
17ac33bd8035ed351ced70662ec973def8ab4c6e,"26/27 School Year, SIGNING BONUS $7,000 - Special Education - Adapted Physical Education Teacher",Pajaro Valley Unified School District,Santa Cruz County schools (EDJOIN),Education,on-site,extended,Watsonville,CA,50,"$58,520 - $97,574 + $2,142 Masters Stipend",yes,year,58520,97574,yes,2026-08-05,https://www.edjoin.org/Home/JobPosting/2240376
6244296ddad2b21dde3eba01022ce044f51243bc,"26/27 School Year, SIGNING BONUS $3,750 - Special Education -RSP Teacher- Watsonville High School (.5FTE)",Pajaro Valley Unified School District,Santa Cruz County schools (EDJOIN),Education,on-site,extended,Watsonville,CA,50,"$29,260- $48,787 + $1,071 Master's Stipend",yes,year,29260,48787,yes,2026-08-05,https://www.edjoin.org/Home/JobPosting/2240370
8fb8ad58d5f48a4ee622e307f266c12e4673b79a,25/26 School Year - Music Teacher Elementary School - Multiple Sites - Full Family Benefits $90 per month,Pajaro Valley Unified School District,Santa Cruz County schools (EDJOIN),Education,on-site,extended,Watsonville,CA,50,"$58,520-$97,574 + Masters Stipend of $2,142",yes,year,58520,97574,yes,2026-08-05,https://www.edjoin.org/Home/JobPosting/2239568
b9c26fd61c8f8bdb22e5a455f6a2936391ff448a,Head Varsity Girls Basketball Coach-PVHS,Pajaro Valley Unified School District,Santa Cruz County schools (EDJOIN),Education,on-site,extended,Watsonville,CA,50,"Season Stipend $5,641 Stipend",yes,stipend,5641,5641,yes,2026-08-05,https://www.edjoin.org/Home/JobPosting/2238692
a65a23ce56ce8d55b5b114bbc5bcad6e0572762d,Instructional Assistant Substitute Pool,San Lorenzo Valley Unified,Santa Cruz County schools (EDJOIN),Education,on-site,core,Ben Lomond,CA,9,$19.94 Per Hour,yes,hour,19.94,19.94,yes,2026-08-05,https://www.edjoin.org/Home/JobPosting/2238308
caf014822d99131bffdca2d2d0febd447e404356,Food Production Specialist,Live Oak Elementary School District,Santa Cruz County schools (EDJOIN),Food & Hospitality,on-site,core,Santa Cruz,CA,30,"$44,341.44 - $51,436.80 Annually",yes,year,44341.44,51436.80,yes,2026-08-05,https://www.edjoin.org/Home/JobPosting/2237805
63e17a4b271406bab8b8b21017a29c295da31991,"Yard Duty Monitor - 7 hrs & 20 mins/week - Westlake Elementary School - Position Starts August 6, 2026",Santa Cruz City Schools,Santa Cruz County schools (EDJOIN),Education,on-site,core,Santa Cruz,CA,30,$17.47 - $19.21 Per Hour,yes,hour,17.47,19.21,yes,2026-08-05,https://www.edjoin.org/Home/JobPosting/2235915
d31ac2631c31defd32fcc74e7f1fbc8079fdfc3b,26/27 School Year: Transitional Kinder Teacher (1.0 FTE) Full Family Benefits $90 per month,Pajaro Valley Unified School District,Santa Cruz County schools (EDJOIN),Education,on-site,extended,Watsonville,CA,50,"$58,520.00 - $97,574.00 Annually",yes,year,58520,97574,yes,2026-08-05,https://www.edjoin.org/Home/JobPosting/2236052
574c33ee8c20f396d8f289ca486cbcdab1c4cf61,26/27 CHILD DEVELOPMENT TEACHER 181 Days/7.5 hrs per day + Full Family Benefits $90 per month,Pajaro Valley Unified School District,Santa Cruz County schools (EDJOIN),Education,on-site,extended,Watsonville,CA,50,"$27,897-$56,798 + 1,021.00 Masters if Applicable",yes,year,27897,56798,yes,2026-08-05,https://www.edjoin.org/Home/JobPosting/2236131
890defa8fb2a95fe71f20dc550743923ba6d3799,26/27 School Year: Dual Language - Transitional Kinder Teacher (1.0 FTE) Full Family Benefits $90 per month,Pajaro Valley Unified School District,Santa Cruz County schools (EDJOIN),Education,on-site,extended,Watsonville,CA,50,"$58,520.00 - $97,574.00 Annually",yes,year,58520,97574,yes,2026-08-05,https://www.edjoin.org/Home/JobPosting/2236057
25dd2d6b915f066737a286cf822b56ed95a2a1e9,"Paraeducator Academic Intervention (Bilingual) - 35 hrs./wk. - 9 mo./yr. - Harbor High School - Benefits Included! - Position Starts August 6, 2026",Santa Cruz City Schools,Santa Cruz County schools (EDJOIN),Education,on-site,core,Santa Cruz,CA,30,21.56 - 23.75 Per Hour,yes,hour,21.56,23.75,yes,2026-08-05,https://www.edjoin.org/Home/JobPosting/2235673
f936a69c8495464f5e2180494e120a326e7e843f,26/27 -- Literacy Coach - 3 year position -Bilingual Preferred,Pajaro Valley Unified School District,Santa Cruz County schools (EDJOIN),Education,on-site,extended,Watsonville,CA,50,"$58,520 - $99,434 Annually",yes,year,58520,99434,yes,2026-08-05,https://www.edjoin.org/Home/JobPosting/2235054
a554fa83f725b411da87e3ec51bf21b22324bc8b,"Recess Coach, Santa Cruz Elementary School- 25 hrs/week",Soquel Union Elementary School District,Santa Cruz County schools (EDJOIN),Education,on-site,core,Capitola,CA,35,$16.84 - $21.49 Per Hour,yes,hour,16.84,21.49,yes,2026-08-05,https://www.edjoin.org/Home/JobPosting/2233541
4b4e4862f41036dac8fde2b2efdc8f473fc14b29,"Library Specialist, Part-Time (26/27 School Year, Main St. School)",Soquel Union Elementary School District,Santa Cruz County schools (EDJOIN),Education,on-site,core,Capitola,CA,35,$20.14 - $25.71 Per Hour,yes,hour,20.14,25.71,yes,2026-08-05,https://www.edjoin.org/Home/JobPosting/2255536
8ac1ed7c076f1d6fa91d4d8f9aff00ffd04f9ea0,CUSTODIAN - TEMPORARY OPPORTUNITIES,Pajaro Valley Unified School District,Santa Cruz County schools (EDJOIN),Trades & Maintenance,on-site,extended,Watsonville,CA,50,$20.28 Per Hour,yes,hour,20.28,20.28,yes,2026-08-05,https://www.edjoin.org/Home/JobPosting/2106974
bde8dd8777cb58c91f362adf7581c407fc4c56a3,"Temporary Orientation and Mobility Specialist, Special Education (20%FTE)",Santa Cruz County Office Of Education,Santa Cruz County schools (EDJOIN),Education,on-site,core,Santa Cruz,CA,30,"$55,104 - $115,074 Annually",yes,year,55104,115074,yes,2026-08-05,https://www.edjoin.org/Home/JobPosting/2228287
8be55802a4bfdb961bb08eace1c4cb8205832df1,Yard Duty Supervisors,Live Oak Elementary School District,Santa Cruz County schools (EDJOIN),Education,on-site,core,Santa Cruz,CA,30,$19.19 - $22.26 Per Hour,yes,hour,19.19,22.26,yes,2026-08-05,https://www.edjoin.org/Home/JobPosting/2086228
711f32805ace4969863329edd4838e350b6b5aca,Basketball Freshman Boys Coach - Soquel High School,Santa Cruz City Schools,Santa Cruz County schools (EDJOIN),Education,on-site,core,Santa Cruz,CA,30,"$2,923 Stipend",yes,stipend,2923,2923,yes,2026-08-05,https://www.edjoin.org/Home/JobPosting/2228519
d4f0281ad81fbb7728af34504617d02b24811078,"Outdoor Science Instructor, Naturalist - Outdoor Science School",Santa Cruz County Office Of Education,Santa Cruz County schools (EDJOIN),Education,on-site,core,Santa Cruz,CA,30,$26.60 - $29.27 Per Hour,yes,hour,26.60,29.27,yes,2026-08-05,https://www.edjoin.org/Home/JobPosting/2228004
3aab1e4267257491f977cc8dbf1991eedb0ad775,"Recess Coach, Green Acres Elementary School",Live Oak Elementary School District,Santa Cruz County schools (EDJOIN),Education,on-site,core,Santa Cruz,CA,30,$19.77 - $22.93 per hour + 2.5% stipend if Spanish Bilingual,yes,hour,19.77,22.93,yes,2026-08-05,https://www.edjoin.org/Home/JobPosting/2227839
568404644511b812325757437e7346407a569972,Career Advancement Charter School - Independent Studies Teacher - Grant Funded,Santa Cruz County Office Of Education,Santa Cruz County schools (EDJOIN),Education,on-site,core,Santa Cruz,CA,30,"$55,104 - $115,074 Annually",yes,year,55104,115074,yes,2026-08-05,https://www.edjoin.org/Home/JobPosting/2225358
2e3fc68814a8e35bf712ffcd87b72000dd95e683,"Freshman Volleyball Coach, Girls - Scotts Valley High School",Scotts Valley USD,Santa Cruz County schools (EDJOIN),Education,on-site,core,Scotts Valley,CA,20,"$2,392 Stipend",yes,stipend,2392,2392,yes,2026-08-05,https://www.edjoin.org/Home/JobPosting/2225251
92236f0ca1cc1eefbbbb2245f8c41682ae529d07,Basketball 6th Grade Girls' - Mission Hill Middle School,Santa Cruz City Schools,Santa Cruz County schools (EDJOIN),Education,on-site,core,Santa Cruz,CA,30,"$1,304 Stipend",yes,stipend,1304,1304,yes,2026-08-05,https://www.edjoin.org/Home/JobPosting/2222456
e067a085a4e74867594aef7fa5111e709717e4ce,Soccer 6/7th grade Boys Coach - Mission Hill Middle School,Santa Cruz City Schools,Santa Cruz County schools (EDJOIN),Education,on-site,core,Santa Cruz,CA,30,"$1,304 Stipend",yes,stipend,1304,1304,yes,2026-08-05,https://www.edjoin.org/Home/JobPosting/2222453
7c726669d53956cd8f19264efb5ccb2ce3f64ba8,Soccer 7th-8th Girls' - Mission Hill Middle School,Santa Cruz City Schools,Santa Cruz County schools (EDJOIN),Education,on-site,core,Santa Cruz,CA,30,"$1,304 Stipend",yes,stipend,1304,1304,yes,2026-08-05,https://www.edjoin.org/Home/JobPosting/2222464
245ffcd64c843a8f54390bc691dd35c36abd9f3f,"Child Development Associate Aide II, Preschool (Bilingual preferred)",Live Oak Elementary School District,Santa Cruz County schools (EDJOIN),Education,on-site,core,Santa Cruz,CA,30,$20.75 - $24.06 Per Hour,yes,hour,20.75,24.06,yes,2026-08-05,https://www.edjoin.org/Home/JobPosting/2117701
49c4678154340ba3a087abc0aaf744a08278ac0e,Soccer 6/7th Girls' - Mission Hill Middle School,Santa Cruz City Schools,Santa Cruz County schools (EDJOIN),Education,on-site,core,Santa Cruz,CA,30,"$1,304 Stipend",yes,stipend,1304,1304,yes,2026-08-05,https://www.edjoin.org/Home/JobPosting/2222460
6fc56678fa3e5f01609d72b16a66b0b0a8e6c983,"Math Intervention Support (5x week, San Lorenzo Valley Middle School)",San Lorenzo Valley Unified,Santa Cruz County schools (EDJOIN),Education,on-site,core,Ben Lomond,CA,9,$160 Daily,yes,day,160,160,yes,2026-08-05,https://www.edjoin.org/Home/JobPosting/2222233
92d1b416bdd9a04c91604c722e199c2662afbba6,Health Care Assistant - TEMPORARY OPPORTUNITIES,Pajaro Valley Unified School District,Santa Cruz County schools (EDJOIN),Healthcare,on-site,extended,Watsonville,CA,50,$19.68 Per Hour,yes,hour,19.68,19.68,yes,2026-08-05,https://www.edjoin.org/Home/JobPosting/1965269
4c3ebf1effcf33aaa2e07d562a6d544cef043285,Instructional Aide II - Special Education Aide/Paraprofessional RSP Aide,Live Oak Elementary School District,Santa Cruz County schools (EDJOIN),Education,on-site,core,Santa Cruz,CA,30,$21.60 - $25.05 Per Hour,yes,hour,21.60,25.05,yes,2026-08-05,https://www.edjoin.org/Home/JobPosting/2220413
4c6d6ba64d381a121342613669167cf0e36a7e26,Head Girls Indoor Volleyball Frosh Coach-Aptos HIgh School,Pajaro Valley Unified School District,Santa Cruz County schools (EDJOIN),Education,on-site,extended,Watsonville,CA,50,"$2,821 Stipend Stipend",yes,stipend,2821,2821,yes,2026-08-05,https://www.edjoin.org/Home/JobPosting/2219114
ddb3380ac23f62e4153492d5c931a9100ec469a5,Head Girls Indoor Volleyball JV Coach-Aptos High School,Pajaro Valley Unified School District,Santa Cruz County schools (EDJOIN),Education,on-site,extended,Watsonville,CA,50,"$4,231 Stipend Stipend",yes,stipend,4231,4231,yes,2026-08-05,https://www.edjoin.org/Home/JobPosting/2219105
f828d9b142cf4e61bee3d31e34cd70ff6511731d,Career and Adult Learning Services - Medical Assisting Instructor,Santa Cruz County Office Of Education,Santa Cruz County schools (EDJOIN),Education,on-site,core,Santa Cruz,CA,30,"$52,224 - $76,588 Annually",yes,year,52224,76588,yes,2026-08-05,https://www.edjoin.org/Home/JobPosting/2217440
767c2460ed9da4140ed7351c6ac7b78ebf71f99b,"Paraeducator After School Program - 19.5 hrs. - Gault Elementary- Position Starts August 6, 2026",Santa Cruz City Schools,Santa Cruz County schools (EDJOIN),Education,on-site,core,Santa Cruz,CA,30,21.56 - 23.75 Per Hour,yes,hour,21.56,23.75,yes,2026-08-05,https://www.edjoin.org/Home/JobPosting/2215833
28f189d82e1d81214280b7594648dcbf36d4628c,"Paraeducator After School Program - 19.5 hrs.- Bayview Elementary- Position Starts August 6, 2026",Santa Cruz City Schools,Santa Cruz County schools (EDJOIN),Education,on-site,core,Santa Cruz,CA,30,21.56 - 23.75 Per Hour,yes,hour,21.56,23.75,yes,2026-08-05,https://www.edjoin.org/Home/JobPosting/2215848
79f5ade0f4a94bd11779a1cb58eafba556c7fcdb,Instructional Aide/Yard Duty,Mountain Elementary School District,Santa Cruz County schools (EDJOIN),Education,on-site,core,Soquel,CA,35,$21.49-27.23 per hour commensurate with experience,yes,hour,21.49,27.23,yes,2026-08-05,https://www.edjoin.org/Home/JobPosting/1919984
0da525a027e83f66207d7fc5276425fde42e3c6e,Cross Country Assistant Coach - Soquel High School,Santa Cruz City Schools,Santa Cruz County schools (EDJOIN),Education,on-site,core,Santa Cruz,CA,30,"$1,349 Stipend",yes,stipend,1349,1349,yes,2026-08-05,https://www.edjoin.org/Home/JobPosting/2213788
45cb8e86bd2e69471fa880c471748d87d3726dfd,Spirit Advisor -Soquel High School,Santa Cruz City Schools,Santa Cruz County schools (EDJOIN),Education,on-site,core,Santa Cruz,CA,30,"$1,933 Stipend",yes,stipend,1933,1933,yes,2026-08-05,https://www.edjoin.org/Home/JobPosting/2213785
1e713434756b863de244ddd027831c084e352551,Outdoor Science School; Residential Program Specialist,Santa Cruz County Office Of Education,Santa Cruz County schools (EDJOIN),Education,on-site,core,Santa Cruz,CA,30,$17.41 - $19.98 Per Hour,yes,hour,17.41,19.98,yes,2026-08-05,https://www.edjoin.org/Home/JobPosting/2212045
44da62b021a42fcec671e0fba9780726975d7545,"Music, Applied Private Music Instruction (all instruments and voice) - Associate Instructor",Cabrillo College,Santa Cruz County schools (EDJOIN),Education,on-site,core,Aptos,CA,40,,no,,,,,2026-08-05,https://www.edjoin.org/Home/JobPosting/2209412
71fead0efe9bc4681db027cf60f037e1798fde4c,"VAPA 6-8 Grade Teacher, .80 FTE (26/27 School Year, New Brighton Middle School)",Soquel Union Elementary School District,Santa Cruz County schools (EDJOIN),Education,on-site,core,Capitola,CA,35,"$52,241 - $92,141 + Master's Stipend $1,845 (up to 17 years service credit given)",yes,year,52241,92141,yes,2026-08-05,https://www.edjoin.org/Home/JobPosting/2206085
bd643ee3e66677a94af0c1188965761892237004,25/26 CHILD DEVELOPMENT ASSOCIATE TEACHER 181Days/8 hrs per day + Full Family Benefits $90 per month,Pajaro Valley Unified School District,Santa Cruz County schools (EDJOIN),Education,on-site,extended,Watsonville,CA,50,"$25,919-32,044",yes,year,25919,32044,yes,2026-08-05,https://www.edjoin.org/Home/JobPosting/2205379
0041b7a672e59dc625691112b8927503977dd6c7,Study Hall Monitor and After School Tutor,Pacific Collegiate Charter School,Santa Cruz County schools (EDJOIN),Education,on-site,core,Santa Cruz,CA,30,$20.48 - 35.34 Per Hour,yes,hour,20.48,35.34,yes,2026-08-05,https://www.edjoin.org/Home/JobPosting/2204777
3cab431db7b77b3397172d960acef184a6a9a5ae,"26/27 - School Year, Special Education - Teacher for the Visually Impaired - (FTE 1.0)",Pajaro Valley Unified School District,Santa Cruz County schools (EDJOIN),Education,on-site,extended,Watsonville,CA,50,"$58,520 - $97,574 Plus $2,142 Masters Stipend",yes,year,58520,97574,yes,2026-08-05,https://www.edjoin.org/Home/JobPosting/2202390
e9a8421cda26128aa893c2583acc94324d4532fb,"26/27 School Year, Special Education, Visual Impairment (FTE .5), Orientation & Mobility (FTE .5)",Pajaro Valley Unified School District,Santa Cruz County schools (EDJOIN),Education,on-site,extended,Watsonville,CA,50,"$58,520 - $97,574 Plus $2,142 Masters Stipend",yes,year,58520,97574,yes,2026-08-05,https://www.edjoin.org/Home/JobPosting/2202387
cb3ac430bd85a5c95f9004a8b2d54a2f6f52302e,"26/27 School Year, Special Education - Speech and Language Specialist POOL",Pajaro Valley Unified School District,Santa Cruz County schools (EDJOIN),Education,on-site,extended,Watsonville,CA,50,"$81,935 - $126,246 + $2,999 Master's Stipend, $2,999 Doctorate Stipend",yes,year,81935,126246,yes,2026-08-05,https://www.edjoin.org/Home/JobPosting/2201288
5a39e6a2cf49a79d02d58c8aa81b6b5c6158f3b3,Football Junior Varsity Coach - Soquel High School,Santa Cruz City Schools,Santa Cruz County schools (EDJOIN),Education,on-site,core,Santa Cruz,CA,30,"$2,923 Stipend",yes,stipend,2923,2923,yes,2026-08-05,https://www.edjoin.org/Home/JobPosting/2199007
85f1f4c48fc071e83d439a06d9f71337b4e93257,Baseball JV Assistant - Soquel High School,Santa Cruz City Schools,Santa Cruz County schools (EDJOIN),Education,on-site,core,Santa Cruz,CA,30,"$2,388 Stipend",yes,stipend,2388,2388,yes,2026-08-05,https://www.edjoin.org/Home/JobPosting/2199034
da3f0d6cdc2dc88624b437345bd6cca4c5cbbe02,Paraeducator Academic Intervention - 15 hrs./wk. - 9 mo./yr. - Santa Cruz High School - Bilingual,Santa Cruz City Schools,Santa Cruz County schools (EDJOIN),Education,on-site,core,Santa Cruz,CA,30,21.56 - 23.75 Per Hour,yes,hour,21.56,23.75,yes,2026-08-05,https://www.edjoin.org/Home/JobPosting/2197886
42c557c2ad77490d0d922fb990fe69a78d5dcc79,Instructional Assistant - Special Ed,San Lorenzo Valley Unified,Santa Cruz County schools (EDJOIN),Education,on-site,core,Ben Lomond,CA,9,$20.44 - $26.11 Per Hour,yes,hour,20.44,26.11,yes,2026-08-05,https://www.edjoin.org/Home/JobPosting/2191570
62667078c517a8c5c3c858a4d5e13ee54e249426,SCHOOL BUS DRIVER -Must have a valid Commercial Driver’s License; Medical Examination Card; Valid California Special Driver Certificate with PS Endorsement.,Pajaro Valley Unified School District,Santa Cruz County schools (EDJOIN),Trades & Maintenance,on-site,extended,Watsonville,CA,50,$21.31 - $27.21 Per Hour,yes,hour,21.31,27.21,yes,2026-08-05,https://www.edjoin.org/Home/JobPosting/1931488
56431af6150e79bb62554722b67a670d2099b150,"Special Education Teacher, Extensive Support Needs (Moderate/Severe)",Santa Cruz County Office Of Education,Santa Cruz County schools (EDJOIN),Education,on-site,core,Santa Cruz,CA,30,"$55,104 - $115,074 Annually",yes,year,55104,115074,yes,2026-08-05,https://www.edjoin.org/Home/JobPosting/2189454
bd2ab022d4320da2a32d7f998392207a1941bf45,Instructional Assistant/Migrant Seasonal Head Start- TEMPORARY,Pajaro Valley Unified School District,Santa Cruz County schools (EDJOIN),Education,on-site,extended,Watsonville,CA,50,$17.93 Per Hour,yes,hour,17.93,17.93,yes,2026-08-05,https://www.edjoin.org/Home/JobPosting/2188576
a96da4554d28dc0e933a38528cb49c6a85da6774,Spirit Advisor Varsity- Santa Cruz High School,Santa Cruz City Schools,Santa Cruz County schools (EDJOIN),Education,on-site,core,Santa Cruz,CA,30,"$1,933 Stipend",yes,stipend,1933,1933,yes,2026-08-05,https://www.edjoin.org/Home/JobPosting/2186986
eea98cd9d34317eaca52db7b52758325fdd9e5a7,Dual Language Immersion Teacher,Live Oak Elementary School District,Santa Cruz County schools (EDJOIN),Education,on-site,core,Santa Cruz,CA,30,"$57,461 - $103,800 Annually",yes,year,57461,103800,yes,2026-08-05,https://www.edjoin.org/Home/JobPosting/2186632
edd6ecdcd5d882b1535f852e5030c87e4fc65b9e,Maintenance Specialist Substitute,San Lorenzo Valley Unified,Santa Cruz County schools (EDJOIN),Trades & Maintenance,on-site,core,Ben Lomond,CA,9,$26.72 Per Hour,yes,hour,26.72,26.72,yes,2026-08-05,https://www.edjoin.org/Home/JobPosting/2116189
d44a8d41c869fac2bc8b9961e0f611af4eea98ab,Bus Operator I Position (Bus Driver),San Lorenzo Valley Unified,Santa Cruz County schools (EDJOIN),Trades & Maintenance,on-site,core,Ben Lomond,CA,9,$23.08 - $29.47 Per Hour,yes,hour,23.08,29.47,yes,2026-08-05,https://www.edjoin.org/Home/JobPosting/2120600
789c97cd79c3039e100b3be2734e45262f4aa600,CHILDCARE TEMPORARY OPPORTUNITIES(Child Development Program),Pajaro Valley Unified School District,Santa Cruz County schools (EDJOIN),Education,on-site,extended,Watsonville,CA,50,$16.90 Per Hour,yes,hour,16.90,16.90,yes,2026-08-05,https://www.edjoin.org/Home/JobPosting/1720194
8f0b606e3872f1778295625f8eb43e423aad5843,Yard Duty Supervisor PART TIME,Pajaro Valley Unified School District,Santa Cruz County schools (EDJOIN),Education,on-site,extended,Watsonville,CA,50,$16.90 Per Hour,yes,hour,16.90,16.90,yes,2026-08-05,https://www.edjoin.org/Home/JobPosting/2174435
40f94760452912d87a3eb1395bc597199d39ff53,Substitute Custodian (On-call),Live Oak Elementary School District,Santa Cruz County schools (EDJOIN),Trades & Maintenance,on-site,core,Santa Cruz,CA,30,$20.97 Per Hour,yes,hour,20.97,20.97,yes,2026-08-05,https://www.edjoin.org/Home/JobPosting/1999969
101db0fa3de9f6503b8934174454f9fe57edf28e,SCHOOL BUS DRIVER - SUBSTITUTES,Pajaro Valley Unified School District,Santa Cruz County schools (EDJOIN),Trades & Maintenance,on-site,extended,Watsonville,CA,50,$26.39/Hourly Per Hour,yes,hour,26.39,26.39,yes,2026-08-05,https://www.edjoin.org/Home/JobPosting/2128872
7ffe91927cc6a3d7c1c863a7a79f7e2a306123d5,SCHOOL BUS DRIVER TRAINEE,Pajaro Valley Unified School District,Santa Cruz County schools (EDJOIN),Trades & Maintenance,on-site,extended,Watsonville,CA,50,$19.31 - $24.64 Per Hour,yes,hour,19.31,24.64,yes,2026-08-05,https://www.edjoin.org/Home/JobPosting/2128861
7a5b99479ba150a7a43385f54edf5a424ec413ac,"Nursing, Clinical - Perinatal/Medical/Surgical - Associate Instructor",Cabrillo College,Santa Cruz County schools (EDJOIN),Education,on-site,core,Aptos,CA,40,"$1,599 - $2,454 per teaching unit, per semester",yes,unit,1599,2454,yes,2026-08-05,https://www.edjoin.org/Home/JobPosting/2087155
7ce9f46618c29ce4afb697fdf033ce17a02d59d0,Bakery Clerk,Safeway (Albertsons),Safeway (Albertsons),Food & Hospitality,on-site,core,Santa Cruz,CA,30,,no,,,,,2026-08-05,https://www.albertsonscompanies.com/careers/find-a-job/job/W744153.html
fc414277224e3f31097d8ea0e4bb370ce9ba60e6,Starbucks Barista,Safeway (Albertsons),Safeway (Albertsons),Food & Hospitality,on-site,core,Santa Cruz,CA,30,,no,,,,,2026-08-05,https://www.albertsonscompanies.com/careers/find-a-job/job/W744155.html
e6bcbf2c6c210974e2eec545bcc00d256cb0e30e,Deli Associate,Safeway (Albertsons),Safeway (Albertsons),Food & Hospitality,on-site,core,Santa Cruz,CA,30,,no,,,,,2026-08-05,https://www.albertsonscompanies.com/careers/find-a-job/job/W740455.html
659ba3fd0a850e416d253ff70105786dc2f75075,Night Crew Stocker,Safeway (Albertsons),Safeway (Albertsons),Retail,on-site,core,Los Gatos,CA,25,,no,,,,,2026-08-05,https://www.albertsonscompanies.com/careers/find-a-job/job/W733166.html
6cf1154ac1f59071ee997cfda8d895b7ac8c07ce,Starbucks Barista,Safeway (Albertsons),Safeway (Albertsons),Food & Hospitality,on-site,core,Los Gatos,CA,25,,no,,,,,2026-08-05,https://www.albertsonscompanies.com/careers/find-a-job/job/W734918.html
040db2b87d08204271879c1c359ba47137563de0,Bakery Clerk,Safeway (Albertsons),Safeway (Albertsons),Food & Hospitality,on-site,core,Aptos,CA,40,,no,,,,,2026-08-05,https://www.albertsonscompanies.com/careers/find-a-job/job/W730796.html
dcdb233471650272ad26f75cde6bee330e78cd5c,Starbucks Barista,Safeway (Albertsons),Safeway (Albertsons),Food & Hospitality,on-site,core,Aptos,CA,40,,no,,,,,2026-08-05,https://www.albertsonscompanies.com/careers/find-a-job/job/W730806.html
ef4237041e432fd9b63b408c5f91a783d8c3de54,Fuel Station Attendant,Safeway (Albertsons),Safeway (Albertsons),Retail,on-site,core,Aptos,CA,40,,no,,,,,2026-08-05,https://www.albertsonscompanies.com/careers/find-a-job/job/W730802.html
1c3c5dfef70f7115a88c8c69ca4ed82dda2d60b7,Deli Associate,Safeway (Albertsons),Safeway (Albertsons),Food & Hospitality,on-site,core,Aptos,CA,40,,no,,,,,2026-08-05,https://www.albertsonscompanies.com/careers/find-a-job/job/W730795.html
e53efe763e8d8c9fb20842e01555cd9a9c03b8ed,Front End Entry Level,Safeway (Albertsons),Safeway (Albertsons),Retail,on-site,core,Aptos,CA,40,,no,,,,,2026-08-05,https://www.albertsonscompanies.com/careers/find-a-job/job/W730805.html
eb1037ea1a757b218f17cb0ea438fdf54876ee0f,Front Desk Agent,Dream Inn Santa Cruz,Dream Inn Santa Cruz,Food & Hospitality,on-site,core,Santa Cruz,CA,30,,no,,,,,2026-08-05,https://recruiting.paylocity.com/Recruiting/Jobs/Details/4225106
64759afc688f711c78608d113a2dd68486c25a65,Banquet Server (On Call),Seascape Beach Resort,Seascape Beach Resort,Food & Hospitality,on-site,core,Aptos,CA,40,,no,,,,,2026-08-05,https://www.paycomonline.net/v4/ats/web.php/portal/2CE0D003E3DAA595D0729714541C982F/jobs/377670
ce6f18c81c526a5dc0b45798214c7a28ac074fc8,Banquet Set Up,Seascape Beach Resort,Seascape Beach Resort,Food & Hospitality,on-site,core,Aptos,CA,40,,no,,,,,2026-08-05,https://www.paycomonline.net/v4/ats/web.php/portal/2CE0D003E3DAA595D0729714541C982F/jobs/377855
be2901c42563c5433590dc0faa1e1934777c2803,Dishwasher,Seascape Beach Resort,Seascape Beach Resort,Food & Hospitality,on-site,core,Aptos,CA,40,,no,,,,,2026-08-05,https://www.paycomonline.net/v4/ats/web.php/portal/2CE0D003E3DAA595D0729714541C982F/jobs/442556
c5b9fe2a9c1f5409e065d837e7f6e61c81de382e,Front Desk Agent,Seascape Beach Resort,Seascape Beach Resort,Food & Hospitality,on-site,core,Aptos,CA,40,,no,,,,,2026-08-05,https://www.paycomonline.net/v4/ats/web.php/portal/2CE0D003E3DAA595D0729714541C982F/jobs/392840
0eaf26245b4988a87b821920d7c19cf8274cc94e,Kitchen Line Cook,Seascape Beach Resort,Seascape Beach Resort,Food & Hospitality,on-site,core,Aptos,CA,40,,no,,,,,2026-08-05,https://www.paycomonline.net/v4/ats/web.php/portal/2CE0D003E3DAA595D0729714541C982F/jobs/442547
a2b8ff7b79dec35c2b8426cf21e71c289dcc1e77,Restaurant Busser,Seascape Beach Resort,Seascape Beach Resort,Food & Hospitality,on-site,core,Aptos,CA,40,,no,,,,,2026-08-05,https://www.paycomonline.net/v4/ats/web.php/portal/2CE0D003E3DAA595D0729714541C982F/jobs/427021
e5fa4d6ec73466fe5bfa47fa5125752e6da8fe72,Restaurant Server,Seascape Beach Resort,Seascape Beach Resort,Food & Hospitality,on-site,core,Aptos,CA,40,,no,,,,,2026-08-05,https://www.paycomonline.net/v4/ats/web.php/portal/2CE0D003E3DAA595D0729714541C982F/jobs/408759
58af610679398dd9e137bb31cf5928aea670eb19,Sous Chef,Seascape Beach Resort,Seascape Beach Resort,Food & Hospitality,on-site,core,Aptos,CA,40,,no,,,,,2026-08-05,https://www.paycomonline.net/v4/ats/web.php/portal/2CE0D003E3DAA595D0729714541C982F/jobs/434883
05319b3bf1ca01f0cbd69db9abe13caa4d5908bc,Program Assistant II (On call),Community Bridges,Community Bridges,Other,on-site,extended,Watsonville,CA,50,,no,,,,,2026-08-05,https://www.paycomonline.net/v4/ats/web.php/portal/5FDAD4C9F20D7D00310983697A309125/jobs/163019
914f377808232bdb29225b52dbb5007209f3f4c7,CONSULTING PHARMACIST,Community Bridges,Community Bridges,Healthcare,on-site,extended,Watsonville,CA,50,,no,,,,,2026-08-05,https://www.paycomonline.net/v4/ats/web.php/portal/5FDAD4C9F20D7D00310983697A309125/jobs/163441
c65b4d0c5ab456b2c477853d04bed934386c9d18,VAN DRIVER NONCOMMERCIAL DRIVERS LICENSE (On-Call),Community Bridges,Community Bridges,Trades & Maintenance,on-site,extended,Watsonville,CA,50,,no,,,,,2026-08-05,https://www.paycomonline.net/v4/ats/web.php/portal/5FDAD4C9F20D7D00310983697A309125/jobs/166292
d4f6a061a4b346fe33bb3e0eef426325f6765b4c,PROGRAM DIRECTOR,Community Bridges,Community Bridges,Other,on-site,core,Santa Cruz,CA,30,,no,,,,,2026-08-05,https://www.paycomonline.net/v4/ats/web.php/portal/5FDAD4C9F20D7D00310983697A309125/jobs/169044
9f018c6a6111b4b780276d7def493998c298b462,LEAD CARE MANAGER,Community Bridges,Community Bridges,Healthcare,on-site,extended,Watsonville,CA,50,,no,,,,,2026-08-05,https://www.paycomonline.net/v4/ats/web.php/portal/5FDAD4C9F20D7D00310983697A309125/jobs/170529
c9cf508713bbbf6273015673fdb325847976a19d,NUTRITIONIST RD,Community Bridges,Community Bridges,Healthcare,on-site,extended,Watsonville,CA,50,,no,,,,,2026-08-05,https://www.paycomonline.net/v4/ats/web.php/portal/5FDAD4C9F20D7D00310983697A309125/jobs/170862
394a5ba45660626e5c3ceffcd7e921cf0d82a75d,STAFF ACCOUNTANT (Payroll),Community Bridges,Community Bridges,Office & Admin,on-site,extended,Watsonville,CA,50,,no,,,,,2026-08-05,https://www.paycomonline.net/v4/ats/web.php/portal/5FDAD4C9F20D7D00310983697A309125/jobs/171010
c638ca2db29c7571c815dfbd44f1e722b46f853d,DIRECTOR OF COMMUNICATIONS & EXTERNAL AFFAIRS,Community Bridges,Community Bridges,Other,on-site,extended,Watsonville,CA,50,,no,,,,,2026-08-05,https://www.paycomonline.net/v4/ats/web.php/portal/5FDAD4C9F20D7D00310983697A309125/jobs/171264
0e2d590b4a1af79c8da1b339956e1fd50e937266,VAN DRIVER COMMERCIAL DRIVERS LICENSE,Community Bridges,Community Bridges,Trades & Maintenance,on-site,extended,Watsonville,CA,50,,no,,,,,2026-08-05,https://www.paycomonline.net/v4/ats/web.php/portal/5FDAD4C9F20D7D00310983697A309125/jobs/156968
e0f5c8a527c83ceef7473815603350ff3b686475,PROGRAM AIDE (ON-CALL),Community Bridges,Community Bridges,Other,on-site,core,Santa Cruz,CA,30,,no,,,,,2026-08-05,https://www.paycomonline.net/v4/ats/web.php/portal/5FDAD4C9F20D7D00310983697A309125/jobs/163202
4bc599e0f5925359a1c5794c4a94a2bd154bcb4e,Chief of Staff,Second Harvest Food Bank Santa Cruz County,Second Harvest (RSS),Technology,on-site,extended,Watsonville,CA,50,"$178,263-$205,527",yes,year,178263,205527,yes,2026-08-05,https://www.appone.com/MainInfoReq.asp?R_ID=7193053&B_ID=44&fid=1&SearchScreenID=9876&ssbgcolor=#FFFFFF
23d7f3f9d0563a0088b028ce872b9bbcd3dff3e2,Senior Graphic Designer,Lemon.io,Remotive (remote),Technology,remote,remote,,CA,,,no,,,,,2026-08-05,https://remotive.com/remote-jobs/design/senior-graphic-designer-2091081
34baa9f015e55339b6875abd328fecb64743de83,Data Labeling Specialists,Workada,Remotive (remote),Technology,remote,remote,,CA,,$18 - $22/hr,yes,hour,18,22,yes,2026-08-05,https://remotive.com/remote-jobs/data/data-labeling-specialists-2090903
73cadb0fb8d42fd55fd4dcebac38526888324841,Content Reviewer - United States,TELUS Digital,Remotive (remote),Other,remote,remote,,CA,,$14/hr,yes,hour,14,14,yes,2026-08-05,https://remotive.com/remote-jobs/all-others/content-reviewer-united-states-2091074
883c30caaa5f3b1f172c38d482bcbd42ae7820b1,Product Sales Specialist - Pet Health (CST timezone),Tribe Wellness,Remotive (remote),Sales & Marketing,remote,remote,,CA,,,no,,,,,2026-08-05,https://remotive.com/remote-jobs/sales/product-sales-specialist-pet-health-cst-timezone-2091072
1e53c8465757db366798509a23e7c0295339e829,Patient Care Specialist,STATLINX,Remotive (remote),Healthcare,remote,remote,,CA,,$36k,yes,year,36000,36000,yes,2026-08-05,https://remotive.com/remote-jobs/medical/patient-care-specialist-2091069
e308e283e44576629a3cc10539586c43b8bd3c43,Senior Independent Software Developer,A.Team,Remotive (remote),Technology,remote,remote,,CA,,$90 - $150 /hour,yes,hour,90,150,yes,2026-08-05,https://remotive.com/remote-jobs/software-development/senior-independent-software-developer-1919265
a4eec980558cb78c593c649b19599331a6a73253,Senior Independent AI Engineer / Architect,A.Team,Remotive (remote),Technology,remote,remote,,CA,,$120 - $170 /hour,yes,hour,120,170,yes,2026-08-05,https://remotive.com/remote-jobs/software-development/senior-independent-ai-engineer-architect-1919266
71fa6b6e030986d7be87fca12052c2398f383db4,Head of Marketing & Communications,garden3d,Remotive (remote),Sales & Marketing,remote,remote,,CA,,$150k - $230k,yes,year,150000,230000,yes,2026-08-05,https://remotive.com/remote-jobs/marketing/head-of-marketing-communications-2091068
de7d2c73c41b30b56adbd1555dbab99b7c268819,Tech Lead Full-Stack Rails Engineer,Mitre Media,Remotive (remote),Technology,remote,remote,,CA,,$170k - $200k,yes,year,170000,200000,yes,2026-08-05,https://remotive.com/remote-jobs/software-development/tech-lead-full-stack-rails-engineer-2069746
9b122b260cf6357e74824eedac42648a4ffbc1b7,Senior DevOps Engineer,Lemon.io,Remotive (remote),Technology,remote,remote,,CA,,,no,,,,,2026-08-05,https://remotive.com/remote-jobs/devops/senior-devops-engineer-2091067
ebc0b3786ce5a1afe16f6309944ed5dcf338ea42,Assistant Account Payable,The Obesity Society,Remotive (remote),Office & Admin,remote,remote,,CA,,,no,,,,,2026-08-05,https://remotive.com/remote-jobs/medical/assistant-account-payable-2090989
1d571c51357ae5787997a8d36efd9392d577b279,Remote Office Assistant,Coalition Technologies,Remotive (remote),Office & Admin,remote,remote,,CA,,"$31,2k- $52k",yes,year,52000,312000,yes,2026-08-05,https://remotive.com/remote-jobs/marketing/remote-office-assistant-1680495
226830c14e68827716611552f98d98c4fb52ba80,Product Sales Specialist - Pet Health,Tribe Wellness,Remotive (remote),Sales & Marketing,remote,remote,,CA,,$55k - $100k,yes,year,55000,100000,yes,2026-08-05,https://remotive.com/remote-jobs/sales/product-sales-specialist-pet-health-2091048
56fe205b4a6fb1c3b009b969268af44d85ff4205,Inside Sales Contractor,"Credit Wellness, LLC",Remotive (remote),Sales & Marketing,remote,remote,,CA,,OTE $25k - $35k,yes,year,25000,35000,yes,2026-08-05,https://remotive.com/remote-jobs/sales/inside-sales-contractor-2086540
119b53a06a6d4e88b75ca54a147f5c18767d1c96,High-Ticket Financial Sales Specialist & Team Lead Track,FSE LLC,Remotive (remote),Sales & Marketing,remote,remote,,CA,,$3k - $10k,yes,year,3000,10000,no,2026-08-05,https://remotive.com/remote-jobs/sales/high-ticket-financial-sales-specialist-team-lead-track-2090949
4818ce092ea151d183437a9d06811cbd3db067c7,Tier III Service Desk Engineer,Unio Digital,Remotive (remote),Technology,remote,remote,,CA,,,no,,,,,2026-08-05,https://remotive.com/remote-jobs/information-technology/tier-iii-service-desk-engineer-2091045
83a5a253355c31440a52523a04e28b7ef49c1a97,Senior AI Engineer,Lemon.io,We Work Remotely (remote),Technology,remote,remote,,CA,,,no,,,,,2026-08-05,https://weworkremotely.com/remote-jobs/lemon-io-senior-ai-engineer-4
b2fed8ff72a401aed996a86edd49c80c4f85ca7b,Developer Engagement Representative - LATAM (Part-Time Contract),Roblox,We Work Remotely (remote),Technology,remote,remote,,CA,,,no,,,,,2026-08-05,https://weworkremotely.com/remote-jobs/roblox-developer-engagement-representative-latam-part-time-contract
03ecb361445604c07eea28206520a4aab9281c8c,Ads AI Analytics Lead II,Instacart,We Work Remotely (remote),Technology,remote,remote,,CA,,,no,,,,,2026-08-05,https://weworkremotely.com/remote-jobs/instacart-ads-ai-analytics-lead-ii
62b3f357157ee4c7a1d8a29b035493c03e0b7ca7,Senior Named Account Executive,commercetools,We Work Remotely (remote),Sales & Marketing,remote,remote,,CA,,,no,,,,,2026-08-05,https://weworkremotely.com/remote-jobs/commercetools-senior-named-account-executive
2e04d078ccd47f350274c487cf3c59ac74629c47,Developer Engagement Representative - ANZ (Australia / New Zealand) (Part-Time Contract),Roblox,We Work Remotely (remote),Technology,remote,remote,,CA,,,no,,,,,2026-08-05,https://weworkremotely.com/remote-jobs/roblox-developer-engagement-representative-anz-australia-new-zealand-part-time-contract
5631b541e545204ab64fabe25d5a7d30982d1c9b,Activation Sales Development Representative I,Instacart,We Work Remotely (remote),Sales & Marketing,remote,remote,,CA,,,no,,,,,2026-08-05,https://weworkremotely.com/remote-jobs/instacart-activation-sales-development-representative-i
b28d18935569863ad64e428403936cbd2fcbb69c,FULL TIME: Software Engineer Position - React and Rest,Yooli,We Work Remotely (remote),Technology,remote,remote,,CA,,,no,,,,,2026-08-05,https://weworkremotely.com/remote-jobs/yooli-full-time-software-engineer-position-react-and-rest-1
1032bb59010d24e176b4f667b98f299c81142fa9,Content Creator & Video Producer,Porkbun,We Work Remotely (remote),Retail,remote,remote,,CA,,,no,,,,,2026-08-05,https://weworkremotely.com/remote-jobs/porkbun-content-creator-video-producer
467924463a45d7a287e63240725a7bbdac5425ae,Web Developer,Hook & Ladder,We Work Remotely (remote),Technology,remote,remote,,CA,,,no,,,,,2026-08-05,https://weworkremotely.com/remote-jobs/hook-ladder-web-developer
c7f0d1584f2c1a4ac8fcef7c4132d91f6b2288dc,Web Developer (Remote),thehivecareers.co,We Work Remotely (remote),Technology,remote,remote,,CA,,,no,,,,,2026-08-05,https://weworkremotely.com/remote-jobs/thehivecareers-co-web-developer-remote-1
87db409b23f1537d0b6f364bc601d6ada34fa453,Full Stack Web Developer,Wing Assistant,We Work Remotely (remote),Technology,remote,remote,,CA,,,no,,,,,2026-08-05,https://weworkremotely.com/remote-jobs/wing-assistant-full-stack-web-developer
ec53991f018d593436a1b7b68c9586e74eeba10d,web developer,Jobs for Lebanon,We Work Remotely (remote),Technology,remote,remote,,CA,,,no,,,,,2026-08-05,https://weworkremotely.com/remote-jobs/jobs-for-lebanon-web-developer
a9ce986f566f707649e066aa19739c047800fe79,Web Developer,Charles Technology Africa,We Work Remotely (remote),Technology,remote,remote,,CA,,,no,,,,,2026-08-05,https://weworkremotely.com/remote-jobs/charles-technology-africa-web-developer
f54847c93bf5bad9784d133760f7826d03c82db9,Automation QA Engineer (Lead),AlgaeCal,We Work Remotely (remote),Technology,remote,remote,,CA,,,no,,,,,2026-08-05,https://weworkremotely.com/remote-jobs/algaecal-automation-qa-engineer-lead
c3773b5eb4cb7245d8a1f6393fd29286cbb0b4c1,Java Engineer - Latin America,Azumo,We Work Remotely (remote),Technology,remote,remote,,CA,,,no,,,,,2026-08-05,https://weworkremotely.com/remote-jobs/azumo-java-engineer-latin-america
a2b8e02d670d7a71a13748d5a14339e7a0872bf9,Sr. Principal Data Engineer / Data Architect,Sinclair Broadcast Group,We Work Remotely (remote),Technology,remote,remote,,CA,,,no,,,,,2026-08-05,https://weworkremotely.com/remote-jobs/sinclair-broadcast-group-sr-principal-data-engineer-data-architect
2b541dfaac012a247b8f9fdf2e0fa2fcebc64e85,Electrical Engineer - Substation Design,Hanson Professional Services,We Work Remotely (remote),Technology,remote,remote,,CA,,,no,,,,,2026-08-05,https://weworkremotely.com/remote-jobs/hanson-professional-services-electrical-engineer-substation-design
a3f74cdc68eef258e970d8899698885e4a140b53,Senior Transit and Rail Signals Design Lead,Systra,We Work Remotely (remote),Education,remote,remote,,CA,,,no,,,,,2026-08-05,https://weworkremotely.com/remote-jobs/systra-senior-transit-and-rail-signals-design-lead
6b33520d4ede1202c6f10c552e35e3252b6bac72,UX Designer,PressW,We Work Remotely (remote),Technology,remote,remote,,CA,,,no,,,,,2026-08-05,https://weworkremotely.com/remote-jobs/pressw-ux-designer
c86d8594b1f8cc70c1eacf36428bf60bab549f10,"Director, People Operations",CRB,We Work Remotely (remote),Other,remote,remote,,CA,,,no,,,,,2026-08-05,https://weworkremotely.com/remote-jobs/crb-director-people-operations
42dbb8e508585f40ba78583470a70bb55333d675,Generative AI Pipeline Engineer (Tech Lead),CapsLock,We Work Remotely (remote),Technology,remote,remote,,CA,,,no,,,,,2026-08-05,https://weworkremotely.com/remote-jobs/capslock-generative-ai-pipeline-engineer-tech-lead-2
eb39e7fa384ff1ed74545c7344ab613598e597bb,Account Executive,MobiLoud,We Work Remotely (remote),Sales & Marketing,remote,remote,,CA,,,no,,,,,2026-08-05,https://weworkremotely.com/remote-jobs/mobiloud-account-executive
878c437e09677587d60591fd4455d5699300849d,Part-Time Brand & Outreach Assistant - B2B SaaS VC (Remote),Uptalent.io,We Work Remotely (remote),Sales & Marketing,remote,remote,,CA,,,no,,,,,2026-08-05,https://weworkremotely.com/remote-jobs/uptalent-io-part-time-brand-outreach-assistant-b2b-saas-vc-remote-1
e061b0d792e58d38137d4650aefdd417f3516a9b,"Growth Marketing Manager, B2B SaaS",Power Digital,We Work Remotely (remote),Sales & Marketing,remote,remote,,CA,,,no,,,,,2026-08-05,https://weworkremotely.com/remote-jobs/power-digital-growth-marketing-manager-b2b-saas-1
ed5a9d6018daf10712dc1c5edc5f0036d8026094,"Technical Sales Enablement Manager, Partners",Druva,We Work Remotely (remote),Sales & Marketing,remote,remote,,CA,,,no,,,,,2026-08-05,https://weworkremotely.com/remote-jobs/druva-technical-sales-enablement-manager-partners
ff41d7c1eeb02a3b331d43ed4e52e08e11fd84d5,Senior Software Architect (C#/Angular/AI First) - GovTech SaaS company,Truelogic,We Work Remotely (remote),Technology,remote,remote,,CA,,,no,,,,,2026-08-05,https://weworkremotely.com/remote-jobs/truelogic-senior-software-architect-c-angular-ai-first-govtech-saas-company
992e0d19ca48cad1b00a0769cd980f5c5c95be2c,Head of Customer Success (SaaS),us Haut.AI,We Work Remotely (remote),Sales & Marketing,remote,remote,,CA,,,no,,,,,2026-08-05,https://weworkremotely.com/remote-jobs/us-haut-ai-head-of-customer-success-saas
1de9d2e7d70eeee7cbd9c608f66736c76f58de85,Events & Field Marketing Manager,Toggl,We Work Remotely (remote),Sales & Marketing,remote,remote,,CA,,,no,,,,,2026-08-05,https://weworkremotely.com/remote-jobs/toggl-events-field-marketing-manager
33216ac0f499413f23d0a9b516c181314a2f9f75,Senior Compliance Analyst,Lithic,We Work Remotely (remote),Other,remote,remote,,CA,,,no,,,,,2026-08-05,https://weworkremotely.com/remote-jobs/lithic-senior-compliance-analyst
b38a2fcddbab5edea534e9ad1692f8ba61ada45e,Senior AML Analyst,Lithic,We Work Remotely (remote),Other,remote,remote,,CA,,,no,,,,,2026-08-05,https://weworkremotely.com/remote-jobs/lithic-senior-aml-analyst
cd26dab94b1227da92f3c6bcdd08abf769e7075d,"Account Director, Enterprise",Prove,We Work Remotely (remote),Other,remote,remote,,CA,,,no,,,,,2026-08-05,https://weworkremotely.com/remote-jobs/prove-account-director-enterprise
cd36c019f490376dbf1c5c9b86bc9f6b2fad80fc,"Research Scientist, Professional Creative Workflows",Stability AI,We Work Remotely (remote),Technology,remote,remote,,CA,,,no,,,,,2026-08-05,https://weworkremotely.com/remote-jobs/stability-ai-research-scientist-professional-creative-workflows
baaea8d41349e3f9b878ff0cdcc68882c4930eca,CAD Engineer — AI Model Training & Evaluation | Remote,Toptal,We Work Remotely (remote),Technology,remote,remote,,CA,,,no,,,,,2026-08-05,https://weworkremotely.com/remote-jobs/toptal-cad-engineer-ai-model-training-evaluation-remote
6aeabae00c93bf974f012750171ac2424fa2833d,Technical Program Manager — ServiceNow Program | Remote,Toptal,We Work Remotely (remote),Technology,remote,remote,,CA,,,no,,,,,2026-08-05,https://weworkremotely.com/remote-jobs/toptal-technical-program-manager-servicenow-program-remote
83c45c4a8bef0ff6d1be4c2479a6dd9fe5dab61a,Senior Staff Data Engineer - Platform Data and Analytics,Faire,We Work Remotely (remote),Technology,remote,remote,,CA,,,no,,,,,2026-08-05,https://weworkremotely.com/remote-jobs/faire-senior-staff-data-engineer-platform-data-and-analytics
4579fc75c8dd7ee4cbb890bb80d12d7650d75f84,"Senior Partnerships Manager, LATAM",Fin,We Work Remotely (remote),Sales & Marketing,remote,remote,,CA,,,no,,,,,2026-08-05,https://weworkremotely.com/remote-jobs/fin-senior-partnerships-manager-latam
4fa39efc49ef46449cac0fb274828de5e322a763,IT Systems Engineer,Platform.sh,We Work Remotely (remote),Technology,remote,remote,,CA,,,no,,,,,2026-08-05,https://weworkremotely.com/remote-jobs/platform-sh-it-systems-engineer
87ef416def78bbbfa80a536227c0a3109f965f39,"Director, Sales",Platform.sh,We Work Remotely (remote),Sales & Marketing,remote,remote,,CA,,,no,,,,,2026-08-05,https://weworkremotely.com/remote-jobs/platform-sh-director-sales
ccb7306e54920e9365b5e25330c91bc9f429921b,"Account Executive, MidMarket (LATAM)",Fin,We Work Remotely (remote),Sales & Marketing,remote,remote,,CA,,,no,,,,,2026-08-05,https://weworkremotely.com/remote-jobs/fin-account-executive-midmarket-latam
da0e517e2a4227694e8da70fada48d7e65b956a0,Data Engineering Manager,Doximity,We Work Remotely (remote),Technology,remote,remote,,CA,,,no,,,,,2026-08-05,https://weworkremotely.com/remote-jobs/doximity-data-engineering-manager
6aeecbaa6ed35a6ecc7a1ca05c86fe80c3a41df8,"Data Analyst, Reporting Partnerships",Doximity,We Work Remotely (remote),Sales & Marketing,remote,remote,,CA,,,no,,,,,2026-08-05,https://weworkremotely.com/remote-jobs/doximity-data-analyst-reporting-partnerships
5642563478f584940c5a666ba8397042c166a986,"Account Executive, Enterprise",Flexport,We Work Remotely (remote),Sales & Marketing,remote,remote,,CA,,,no,,,,,2026-08-05,https://weworkremotely.com/remote-jobs/flexport-account-executive-enterprise
760a0ad20c5a97947a018f93414b73e61c9f4e23,Senior Privacy Engineer,Asana,We Work Remotely (remote),Technology,remote,remote,,CA,,,no,,,,,2026-08-05,https://weworkremotely.com/remote-jobs/asana-senior-privacy-engineer
1e3309f011302b830294da4f166b5543c8c6dbfd,"Financial Analyst, Go to Market (GTM) FP&A - (West)",Smartsheet,We Work Remotely (remote),Office & Admin,remote,remote,,CA,,,no,,,,,2026-08-05,https://weworkremotely.com/remote-jobs/smartsheet-financial-analyst-go-to-market-gtm-fp-a-west
f696461b8d2af1a0c4020020bade1e30ab6a573c,Remote High-Ticket Closer,6 Figure Creative,We Work Remotely (remote),Sales & Marketing,remote,remote,,CA,,,no,,,,,2026-08-05,https://weworkremotely.com/remote-jobs/6-figure-creative-remote-high-ticket-closer
ce9c4e10012e98039d62420588861eb3a2796f49,Lead FP&A Analyst,Amwell,We Work Remotely (remote),Healthcare,remote,remote,,CA,,,no,,,,,2026-08-05,https://weworkremotely.com/remote-jobs/amwell-lead-fp-a-analyst
0dad5ada31068641f763ca312d21e6ed5c71f183,Area Vice President - Financial Services,GitLab,We Work Remotely (remote),Technology,remote,remote,,CA,,,no,,,,,2026-08-05,https://weworkremotely.com/remote-jobs/gitlab-area-vice-president-financial-services
4f94b028a2e2f21ef8afb9c4b034577d68eecc96,"Customer Success Manager, EMEA",Customer.io,We Work Remotely (remote),Sales & Marketing,remote,remote,,CA,,,no,,,,,2026-08-05,https://weworkremotely.com/remote-jobs/customer-io-customer-success-manager-emea
0238504b9477365aa41ee9ee06ae5d7d1b6b83fe,Accounts Receivable and Billing Operations Manager,ClickHouse,We Work Remotely (remote),Office & Admin,remote,remote,,CA,,,no,,,,,2026-08-05,https://weworkremotely.com/remote-jobs/clickhouse-accounts-receivable-and-billing-operations-manager
2ca5145e196edd56f193468d6c90915b1981fa67,Customer Support Specialist,RETR,We Work Remotely (remote),Sales & Marketing,remote,remote,,CA,,,no,,,,,2026-08-05,https://weworkremotely.com/remote-jobs/retr-customer-support-specialist
5aeb9dfcae76709a74f1da6898d9e06e4c818ada,Account Manager,Keeper Security,We Work Remotely (remote),Sales & Marketing,remote,remote,,CA,,,no,,,,,2026-08-05,https://weworkremotely.com/remote-jobs/keeper-security-account-manager
07f0f7ff9e78eee73f178d68ee6befcc0bc9666e,Accountant,Remote,We Work Remotely (remote),Office & Admin,remote,remote,,CA,,,no,,,,,2026-08-05,https://weworkremotely.com/remote-jobs/remote-accountant-1
0adc5dee6c48cdc3ee31773499a225fdaec021ad,Customer Support & Product Demo Specialist,Joby,We Work Remotely (remote),Sales & Marketing,remote,remote,,CA,,,no,,,,,2026-08-05,https://weworkremotely.com/remote-jobs/joby-customer-support-product-demo-specialist
f946cc42b3b2ae8d9e4d8e6f7113c3af63517c94,Head of Marketing,Zapiet,We Work Remotely (remote),Sales & Marketing,remote,remote,,CA,,,no,,,,,2026-08-05,https://weworkremotely.com/remote-jobs/zapiet-head-of-marketing
5e10c200fc5f195a155f525eea854dda26679d54,Front-End WordPress Developer,Yoko Co,We Work Remotely (remote),Technology,remote,remote,,CA,,,no,,,,,2026-08-05,https://weworkremotely.com/remote-jobs/yoko-co-front-end-wordpress-developer
b8121fdad5114916b69bcec9da405403be02b05e,Customer Success Manager II - West,Tines,We Work Remotely (remote),Sales & Marketing,remote,remote,,CA,,,no,,,,,2026-08-05,https://weworkremotely.com/remote-jobs/tines-customer-success-manager-ii-west
4b0c4b4158c025e0f3b7bac5c94551a982abf320,Backend Customer Success Engineer (Kotlin Ecosystem),JetBrains,We Work Remotely (remote),Sales & Marketing,remote,remote,,CA,,,no,,,,,2026-08-05,https://weworkremotely.com/remote-jobs/jetbrains-backend-customer-success-engineer-kotlin-ecosystem
4e9ac5fb144d50a65c6c1641c989be09c85de70a,Contract IT Specialist,Customer.io,We Work Remotely (remote),Technology,remote,remote,,CA,,,no,,,,,2026-08-05,https://weworkremotely.com/remote-jobs/customer-io-contract-it-specialist
9fb259ab022bc3e2869355296822595e495178ba,"Associate General Counsel, Corporate",Webflow,We Work Remotely (remote),Office & Admin,remote,remote,,CA,,,no,,,,,2026-08-05,https://weworkremotely.com/remote-jobs/webflow-associate-general-counsel-corporate
3971f036627f45e7af96c828304be6b22756e204,Professional Services Sales Executive,Collibra,We Work Remotely (remote),Sales & Marketing,remote,remote,,CA,,,no,,,,,2026-08-05,https://weworkremotely.com/remote-jobs/collibra-professional-services-sales-executive
915815597aa893d6b1ceb36a3ac3370a24bc6afb,"Backend Engineer, Flag Delivery",LaunchDarkly,We Work Remotely (remote),Technology,remote,remote,,CA,,,no,,,,,2026-08-05,https://weworkremotely.com/remote-jobs/launchdarkly-backend-engineer-flag-delivery
b6fa2305769ac471ec790230e5d6e2e3733e9a46,Commercial Solutions Engineer,Smartsheet,We Work Remotely (remote),Technology,remote,remote,,CA,,,no,,,,,2026-08-05,https://weworkremotely.com/remote-jobs/smartsheet-commercial-solutions-engineer
1228633b04f3f1e0fb44d83680c1b5795593086c,"Account Manager, EMEA",Customer.io,We Work Remotely (remote),Sales & Marketing,remote,remote,,CA,,,no,,,,,2026-08-05,https://weworkremotely.com/remote-jobs/customer-io-account-manager-emea
da12af3f78ebfe3be17360d437eb0e1f4f9a41c8,Blockchain Risk Control Research Intern,Bybit,We Work Remotely (remote),Technology,remote,remote,,CA,,,no,,,,,2026-08-05,https://weworkremotely.com/remote-jobs/bybit-blockchain-risk-control-research-intern
d2e08e4d929a78af4640199eff753a4a234a5098,Customer Analytics Manager,Abnormal,We Work Remotely (remote),Technology,remote,remote,,CA,,,no,,,,,2026-08-05,https://weworkremotely.com/remote-jobs/abnormal-customer-analytics-manager
09674ba76e99d3f0a14bbb9b2393294720fa8bcd,"Senior Staff Software Engineer, Legal Automation",Coinbase,We Work Remotely (remote),Office & Admin,remote,remote,,CA,,,no,,,,,2026-08-05,https://weworkremotely.com/remote-jobs/coinbase-senior-staff-software-engineer-legal-automation
f84dc1f0741005f99947437ae7f6ee1168ad250e,"Backend Engineer, Moderation Enforcement",Reddit,We Work Remotely (remote),Technology,remote,remote,,CA,,,no,,,,,2026-08-05,https://weworkremotely.com/remote-jobs/reddit-backend-engineer-moderation-enforcement
9da9a97539708d8fe4013fd8fa980130fd0ecf42,Content Strategist,Abnormal,We Work Remotely (remote),Sales & Marketing,remote,remote,,CA,,,no,,,,,2026-08-05,https://weworkremotely.com/remote-jobs/abnormal-content-strategist
94f39806d907c598388781e0a00f2f9837df9fe1,"Senior Staff Software Engineer, Finance Automation",Coinbase,We Work Remotely (remote),Technology,remote,remote,,CA,,,no,,,,,2026-08-05,https://weworkremotely.com/remote-jobs/coinbase-senior-staff-software-engineer-finance-automation
0bfa2f683f197d2b2be9b6d29b6be383d1182e06,"Senior Software Engineer, Data Layer",Coinbase,We Work Remotely (remote),Technology,remote,remote,,CA,,,no,,,,,2026-08-05,https://weworkremotely.com/remote-jobs/coinbase-senior-software-engineer-data-layer
fb8c223bfbaa4d95f739b697b3e190b3c9de1829,Nuuly Senior Software Engineer,Nuuly,We Work Remotely (remote),Technology,remote,remote,,CA,,,no,,,,,2026-08-05,https://weworkremotely.com/remote-jobs/nuuly-nuuly-senior-software-engineer
9880bf3355e68026065772b15546987e8cb6e1d2,"Senior Financial Analyst FP&A – Business Partner, OneSource Finance",PerkinElmer,We Work Remotely (remote),Office & Admin,remote,remote,,CA,,,no,,,,,2026-08-05,https://weworkremotely.com/remote-jobs/perkinelmer-senior-financial-analyst-fp-a-business-partner-onesource-finance
d3d7583215142677c579afa55435268704d6c2fd,Senior Software Developer - Ad Tech,REDspace,We Work Remotely (remote),Technology,remote,remote,,CA,,,no,,,,,2026-08-05,https://weworkremotely.com/remote-jobs/redspace-senior-software-developer-ad-tech
e10b1161264dc874d9881a4cdb7dded5d717d5dd,"Senior Security Engineer, Incident Response",Twilio,We Work Remotely (remote),Technology,remote,remote,,CA,,,no,,,,,2026-08-05,https://weworkremotely.com/remote-jobs/twilio-senior-security-engineer-incident-response
cb2a4d96be72e2e1facb3da5df8bc21da818f682,"Senior Software Engineer, Infrastructure - Compute Platform",Coinbase,We Work Remotely (remote),Technology,remote,remote,,CA,,,no,,,,,2026-08-05,https://weworkremotely.com/remote-jobs/coinbase-senior-software-engineer-infrastructure-compute-platform-1
e540a9cc7e1ab2453d3638a5810ceb3b1626ec50,Technical Solutions Engineer,Stripe,We Work Remotely (remote),Technology,remote,remote,,CA,,,no,,,,,2026-08-05,https://weworkremotely.com/remote-jobs/stripe-technical-solutions-engineer
ed9af510c4ab038f6f7c484195cf3f83f81966ac,"Senior Software Engineer, Frontend (Consumer - Payments)",Coinbase,We Work Remotely (remote),Technology,remote,remote,,CA,,,no,,,,,2026-08-05,https://weworkremotely.com/remote-jobs/coinbase-senior-software-engineer-frontend-consumer-payments
e7ca7cf7ca227a1052d4977771bcb21ad7aeaf30,Senior Software Engineer (EAA),Coinbase,We Work Remotely (remote),Technology,remote,remote,,CA,,,no,,,,,2026-08-05,https://weworkremotely.com/remote-jobs/coinbase-senior-software-engineer-eaa
8e65527bfc7b90dc8a3e8a05569eb0f585f25198,Senior Software Engineer,Coinbase,We Work Remotely (remote),Technology,remote,remote,,CA,,,no,,,,,2026-08-05,https://weworkremotely.com/remote-jobs/coinbase-senior-software-engineer-1
9ed123b11770811aed6a1658b34d43aa948e4489,"Machine Learning Engineer, CX Intelligence",Coinbase,We Work Remotely (remote),Technology,remote,remote,,CA,,,no,,,,,2026-08-05,https://weworkremotely.com/remote-jobs/coinbase-machine-learning-engineer-cx-intelligence
afeb8fbd1801a0669aed17d445779538c8ff80b0,"Frontend Product Software Engineer, Design Systems",Dropbox,We Work Remotely (remote),Technology,remote,remote,,CA,,,no,,,,,2026-08-05,https://weworkremotely.com/remote-jobs/dropbox-frontend-product-software-engineer-design-systems
7fbb257670df57a693a3e62a28fa9069c4945545,Mac MSP Help Desk Guru (work from home),"Ignition, Inc.",We Work Remotely (remote),Technology,remote,remote,,CA,,,no,,,,,2026-08-05,https://weworkremotely.com/remote-jobs/ignition-inc-mac-msp-help-desk-guru-work-from-home
8af55d5b4ce6f388a0d7502d250e17d0cdad9f89,"Senior Software Engineer, Web",Speechify Inc,We Work Remotely (remote),Technology,remote,remote,,CA,,,no,,,,,2026-08-05,https://weworkremotely.com/remote-jobs/speechify-inc-senior-software-engineer-web-1
b5326a60c3dfaf613a2d622b0d2dc50f01f1f81f,Remote Inside Sales,Your Resource Group LLC,We Work Remotely (remote),Sales & Marketing,remote,remote,,CA,,,no,,,,,2026-08-05,https://weworkremotely.com/remote-jobs/your-resource-group-llc-remote-inside-sales-1
6037b6df05c03b6a05785175a54750dc1b1d4945,Full Stack AI Engineer,Reveleer,We Work Remotely (remote),Technology,remote,remote,,CA,,,no,,,,,2026-08-05,https://weworkremotely.com/remote-jobs/reveleer-full-stack-ai-engineer
af9e4c654edd47ad46381bb62d1fa4e0e9e8a771,Customer Support Agent (Remote),CRAE GROUP LTD,We Work Remotely (remote),Sales & Marketing,remote,remote,,CA,,,no,,,,,2026-08-05,https://weworkremotely.com/remote-jobs/crae-group-ltd-customer-support-agent-remote
ade6658dc751b860b18a6ac26f2ddbfb80f0fe39,FT/PT Remote AI Prompt Engineering & Evaluation - Will Train,DataAnnotation.tech,We Work Remotely (remote),Technology,remote,remote,,CA,,,no,,,,,2026-08-05,https://weworkremotely.com/remote-jobs/dataannotation-tech-ft-pt-remote-ai-prompt-engineering-evaluation-will-train
